rank,case,source,instruction,full_lpips,recap_lpips,relative_gain_percent,psnr_gain,ssim_gain
1,5,<DATA_OR_CACHE>/val_eps_00000008.npz,put the broccoli next to the bowl,0.16840195655822754,0.11364887119270861,32.51333089267714,4.021884858608246,0.039167409762740135
2,18,<DATA_OR_CACHE>/val_eps_00000033.npz,Place the pot on top of the towel.,0.1738212067866698,0.12733854062389582,26.741654267664817,0.7763016819953918,0.01609768718481064
3,15,<DATA_OR_CACHE>/val_eps_00000024.npz,Move the spatula to corner of the table.,0.143850723747164,0.11036356794647872,23.279101368682188,2.304121255874634,0.014159491285681725
4,16,<DATA_OR_CACHE>/val_eps_00000029.npz,Place the pan on the far edge of the table,0.15608786442317069,0.12200627638958395,21.834873684470402,1.5769456028938293,0.011216849088668823
5,9,<DATA_OR_CACHE>/val_eps_00000017.npz,Place the spoon at the left of the green piece of cloth.,0.16841348679736257,0.1337729396764189,20.56874884528912,1.7644039988517761,0.029699459671974182
6,4,<DATA_OR_CACHE>/val_eps_00000007.npz,Move the spoon to the left of the purple towel.,0.14287361945025623,0.1139609944075346,20.23650352946229,2.639006733894348,0.026059215888381004
7,1,<DATA_OR_CACHE>/val_eps_00000003.npz,Place the mushroom in front of the microwave,0.17580574308522046,0.14500270201824605,17.521066448917356,1.1575806736946106,0.0386962816119194
8,2,<DATA_OR_CACHE>/val_eps_00000004.npz,take broccoli out of pan cardboardfence,0.2069852170534432,0.1740906718187034,15.89221960051691,1.9966888129711151,0.03088262863457203
9,17,<DATA_OR_CACHE>/val_eps_00000031.npz,Slide the yellow cloth to the back left corner.,0.15639354940503836,0.13154484145343304,15.888575996987253,1.379949688911438,0.014493249356746674
10,8,<DATA_OR_CACHE>/val_eps_00000015.npz,move the pot put on the yellow cloth,0.16247440851293504,0.13735904032364488,15.458045620329596,1.3174413442611694,0.008792193606495857
11,7,<DATA_OR_CACHE>/val_eps_00000014.npz,Place the cloth behind the pot.,0.15521245449781418,0.13254381413571537,14.604910691891703,1.5327227115631104,0.01515655592083931
12,3,<DATA_OR_CACHE>/val_eps_00000006.npz,move the toy and put it in the vessel,0.183576175943017,0.16075460286810994,12.431663835284922,1.5297597646713257,0.022009484469890594
13,10,<DATA_OR_CACHE>/val_eps_00000018.npz,Move the can to the right of the pot,0.16255438746884465,0.14374812552705407,11.56921214777732,1.7135205268859863,0.012305108830332756
14,22,<DATA_OR_CACHE>/val_eps_00000039.npz,move the can to the back of the counter,0.16255438746884465,0.14374812552705407,11.56921214777732,1.7135205268859863,0.012305108830332756
15,6,<DATA_OR_CACHE>/val_eps_00000012.npz,take banana out of colander,0.2460192358121276,0.21766345715150237,11.525838037428537,1.07009619474411,0.021723894402384758
16,21,<DATA_OR_CACHE>/val_eps_00000037.npz,Move the pot to the top left corner of the table,0.1909669206943363,0.1690555855166167,11.473890398427233,1.0349245369434357,0.01053537055850029
17,12,<DATA_OR_CACHE>/val_eps_00000020.npz,take sushi out of pot cardboard fence,0.17668220936320722,0.15660549979656935,11.363175522310797,0.9088896811008453,0.027128523215651512
18,19,<DATA_OR_CACHE>/val_eps_00000034.npz,open oven,0.31293655652552843,0.28154282039031386,10.031981077497909,1.3176389336585999,0.0038651395589113235
19,0,<DATA_OR_CACHE>/val_eps_00000002.npz,Put the cheese onto the cloth.,0.1389030129648745,0.12756896438077092,8.159685194855859,0.5659965574741364,0.007124008610844612
20,20,<DATA_OR_CACHE>/val_eps_00000036.npz,take clothes out of laundry machine,0.19958789204247296,0.18563448335044086,6.991109805930895,1.723368763923645,0.011971114203333855
21,14,<DATA_OR_CACHE>/val_eps_00000022.npz,close microwave,0.3199025737121701,0.3010531524196267,5.892238087932055,0.8350282609462738,0.01151931844651699
22,13,<DATA_OR_CACHE>/val_eps_00000021.npz,Place the spoon on the blue cloth,0.17227625311352313,0.16217394429259002,5.86401702983178,0.510547935962677,0.006084291264414787
23,23,<DATA_OR_CACHE>/val_eps_00000040.npz,pour almonds in pot,0.21076495293527842,0.2024765987880528,3.9325106151641864,0.28435254096984863,0.016761666163802147
24,11,<DATA_OR_CACHE>/val_eps_00000019.npz,move banana to upper left corner,0.21852324344217777,0.22584294714033604,-3.349622485397119,-0.07740455865859985,-0.015371842309832573
