dataset,case_id,window_w,context_tokens,theoretical_kv_mib,lpips_auc,ssim_auc,psnr_auc,mae_auc
CALVIN,C04,2,1559,54.808594,0.0707184,0.9031301,25.8710554,0.0210294
CALVIN,C04,4,1745,61.347656,0.0665413,0.9064567,26.3146949,0.0195569
CALVIN,C04,6,1931,67.886719,0.0722018,0.8997398,25.7469491,0.0210647
CALVIN,C04,8,2117,74.425781,0.077327,0.8949184,25.3728821,0.0225693
CALVIN,C04,12,2489,87.503906,0.1150369,0.8668951,23.0151864,0.0350684
CALVIN,C04,16,2861,100.582031,0.1217394,0.8635433,22.6692084,0.0386128
CALVIN,C06,2,1559,54.808594,0.0767423,0.8899573,23.9743305,0.0244874
CALVIN,C06,4,1745,61.347656,0.0761828,0.8874685,23.989922,0.0244132
CALVIN,C06,6,1931,67.886719,0.0749409,0.8871075,23.9997848,0.0244955
CALVIN,C06,8,2117,74.425781,0.0910566,0.8772648,23.1291326,0.0274784
CALVIN,C06,12,2489,87.503906,0.108699,0.8718052,22.2584451,0.0344668
CALVIN,C06,16,2861,100.582031,0.1122096,0.8713242,21.9700654,0.0390369
CALVIN,C10,2,1559,54.808594,0.1087444,0.8562335,21.6087428,0.0341938
CALVIN,C10,4,1745,61.347656,0.1038494,0.8605986,21.9277472,0.0321808
CALVIN,C10,6,1931,67.886719,0.10768,0.8554757,21.6761568,0.0336649
CALVIN,C10,8,2117,74.425781,0.106785,0.856949,21.7492812,0.0340092
CALVIN,C10,12,2489,87.503906,0.107995,0.8573728,21.7264572,0.0350943
CALVIN,C10,16,2861,100.582031,0.10965,0.854835,21.6407598,0.0372458
CALVIN,C12,2,1559,54.808594,0.0944092,0.8857719,24.2037679,0.0269263
CALVIN,C12,4,1745,61.347656,0.0782074,0.9001587,25.5861596,0.0218776
CALVIN,C12,6,1931,67.886719,0.0773597,0.9029367,25.7236744,0.0214054
CALVIN,C12,8,2117,74.425781,0.082403,0.8944989,25.1152268,0.0236117
CALVIN,C12,12,2489,87.503906,0.1224249,0.8591207,22.7178906,0.0384728
CALVIN,C12,16,2861,100.582031,0.137247,0.8539348,22.120558,0.0440139
