dataset,case_id,window_w,horizon,lpips,ssim,psnr_db,mae
CALVIN,C04,2,8,0.04396,0.9333488,28.4742303,0.0148024
CALVIN,C04,2,16,0.0547129,0.9233662,27.382288,0.016703
CALVIN,C04,2,32,0.067993,0.9052486,26.0128976,0.0204682
CALVIN,C04,2,48,0.0801575,0.8918277,24.904478,0.0233595
CALVIN,C04,2,64,0.0946781,0.8760343,23.9520897,0.027095
CALVIN,C04,4,8,0.043918,0.9296557,28.2525845,0.0150227
CALVIN,C04,4,16,0.0531655,0.9220403,27.6135185,0.0163998
CALVIN,C04,4,32,0.0670922,0.9053458,26.2929631,0.019733
CALVIN,C04,4,48,0.0732024,0.8987315,25.6538399,0.0209024
CALVIN,C04,4,64,0.0834926,0.8891543,24.7626886,0.023516
CALVIN,C04,6,8,0.0441756,0.9289716,28.2272205,0.015068
CALVIN,C04,6,16,0.0549057,0.9180449,27.2790478,0.0169908
CALVIN,C04,6,32,0.0716123,0.9011945,25.8576162,0.0206969
CALVIN,C04,6,48,0.08153,0.8893573,24.8704398,0.0230345
CALVIN,C04,6,64,0.0946819,0.8755216,23.7403497,0.0269698
CALVIN,C04,8,8,0.0442657,0.9287321,28.199321,0.0150888
CALVIN,C04,8,16,0.0568105,0.9157659,27.086424,0.0175612
CALVIN,C04,8,32,0.0730907,0.8991565,25.6963311,0.0211624
CALVIN,C04,8,48,0.0890559,0.882058,24.2978465,0.0252073
CALVIN,C04,8,64,0.109647,0.8639845,22.8925228,0.031359
CALVIN,C04,12,8,0.0442657,0.9287321,28.199321,0.0150888
CALVIN,C04,12,16,0.0654322,0.9084123,26.3754663,0.0198021
CALVIN,C04,12,32,0.1192398,0.8626665,22.6811004,0.0352944
CALVIN,C04,12,48,0.1400978,0.8454933,21.1486009,0.0425408
CALVIN,C04,12,64,0.1663021,0.8249613,19.784042,0.0525611
CALVIN,C04,16,8,0.0442657,0.9287321,28.199321,0.0150888
CALVIN,C04,16,16,0.0683502,0.9065689,26.2053164,0.0206875
CALVIN,C04,16,32,0.1331252,0.8549303,22.05524,0.0409994
CALVIN,C04,16,48,0.1471892,0.8421958,20.7481143,0.0472525
CALVIN,C04,16,64,0.1668889,0.8263315,19.6701151,0.0552104
CALVIN,C06,2,8,0.0473809,0.9265274,26.5093191,0.0159802
CALVIN,C06,2,16,0.0528602,0.9155694,25.782251,0.0177259
CALVIN,C06,2,32,0.0714924,0.8919165,24.195085,0.0228947
CALVIN,C06,2,48,0.0927649,0.8731993,22.7881807,0.0291408
CALVIN,C06,2,64,0.1057007,0.8628519,21.9257459,0.0327619
CALVIN,C06,4,8,0.0471526,0.9268295,26.5410104,0.0158035
CALVIN,C06,4,16,0.0531138,0.9156692,25.8100108,0.0177397
CALVIN,C06,4,32,0.0733709,0.8876133,24.0394365,0.0235818
CALVIN,C06,4,48,0.0911445,0.8693243,22.8402347,0.0288479
CALVIN,C06,4,64,0.101002,0.8614858,22.1845905,0.0315215
CALVIN,C06,6,8,0.0471668,0.9268077,26.5389829,0.0157981
CALVIN,C06,6,16,0.0533827,0.9150824,25.7640246,0.0178174
CALVIN,C06,6,32,0.0729625,0.8871175,23.9979739,0.0238499
CALVIN,C06,6,48,0.0887015,0.8694659,22.9099338,0.0288096
CALVIN,C06,6,64,0.0976005,0.860558,22.2671501,0.0315244
CALVIN,C06,8,8,0.0470316,0.9269397,26.5485151,0.015777
CALVIN,C06,8,16,0.0583627,0.9090564,25.3029201,0.0190039
CALVIN,C06,8,32,0.0894631,0.8764506,23.0479856,0.0267327
CALVIN,C06,8,48,0.1116895,0.8569958,21.7739586,0.0329901
CALVIN,C06,8,64,0.1240313,0.8469061,21.0314025,0.0365091
CALVIN,C06,12,8,0.0470316,0.9269397,26.5485151,0.015777
CALVIN,C06,12,16,0.0603743,0.9087319,25.1747156,0.0201567
CALVIN,C06,12,32,0.1099477,0.8692765,21.9040871,0.035019
CALVIN,C06,12,48,0.1375211,0.8491558,20.514704,0.0431914
CALVIN,C06,12,64,0.1518782,0.8392038,19.9352027,0.0467233
CALVIN,C06,16,8,0.0470316,0.9269397,26.5485151,0.015777
CALVIN,C06,16,16,0.0602094,0.9094129,25.2341219,0.0205313
CALVIN,C06,16,32,0.1137384,0.8694692,21.6609886,0.0395045
CALVIN,C06,16,48,0.1430638,0.8481309,20.0486868,0.0500583
CALVIN,C06,16,64,0.158033,0.8364801,19.2456667,0.0554472
CALVIN,C10,2,8,0.0624841,0.9021372,25.524688,0.0201617
CALVIN,C10,2,16,0.0810126,0.880471,23.4183735,0.0259473
CALVIN,C10,2,32,0.1117561,0.8538127,21.2969872,0.0347558
CALVIN,C10,2,48,0.1243353,0.8414959,20.5098617,0.0386966
CALVIN,C10,2,64,0.136267,0.8312422,19.7575976,0.0434502
CALVIN,C10,4,8,0.0624915,0.902115,25.5198662,0.0201742
CALVIN,C10,4,16,0.081298,0.880148,23.3947228,0.0260669
CALVIN,C10,4,32,0.1104408,0.8543301,21.4045567,0.0341077
CALVIN,C10,4,48,0.1166846,0.8488619,21.006541,0.0356492
CALVIN,C10,4,64,0.1195024,0.8465266,20.8200177,0.0365647
CALVIN,C10,6,8,0.0624841,0.9021372,25.524688,0.0201617
CALVIN,C10,6,16,0.0815743,0.8800548,23.3751316,0.026185
CALVIN,C10,6,32,0.1120474,0.8527606,21.2366838,0.0350101
CALVIN,C10,6,48,0.1215633,0.8405944,20.7025337,0.0373981
CALVIN,C10,6,64,0.1329348,0.8304693,20.0296213,0.0414794
CALVIN,C10,8,8,0.0624537,0.9021614,25.526444,0.0201539
CALVIN,C10,8,16,0.0814034,0.8801808,23.4061538,0.0260968
CALVIN,C10,8,32,0.1075929,0.8562399,21.5784692,0.0336183
CALVIN,C10,8,48,0.1210853,0.8424119,20.7229799,0.0383742
CALVIN,C10,8,64,0.1368067,0.8299874,19.7696179,0.0448575
CALVIN,C10,12,8,0.0624537,0.9021614,25.526444,0.0201539
CALVIN,C10,12,16,0.0821226,0.879487,23.364302,0.0268592
CALVIN,C10,12,32,0.1144224,0.8514016,21.1949483,0.0374415
CALVIN,C10,12,48,0.1201303,0.845539,20.8409732,0.0387705
CALVIN,C10,12,64,0.1324486,0.8374173,20.2036826,0.0428703
CALVIN,C10,16,8,0.0624537,0.9021614,25.526444,0.0201539
CALVIN,C10,16,16,0.0824519,0.879153,23.3416175,0.027156
CALVIN,C10,16,32,0.1172348,0.8481608,21.0530846,0.0397886
CALVIN,C10,16,48,0.1219983,0.8420594,20.7558479,0.0418601
CALVIN,C10,16,64,0.1341788,0.8335946,20.0918058,0.0466121
CALVIN,C12,2,8,0.0513917,0.9305179,27.8313065,0.0149219
CALVIN,C12,2,16,0.0615165,0.9179191,26.6382779,0.0174187
CALVIN,C12,2,32,0.0835007,0.8943378,24.5627639,0.0240458
CALVIN,C12,2,48,0.1139954,0.866364,22.7189109,0.0320096
CALVIN,C12,2,64,0.1479016,0.8368617,20.9899556,0.0427844
CALVIN,C12,4,8,0.0528966,0.9245665,27.2360678,0.015758
CALVIN,C12,4,16,0.0601872,0.9148153,26.6506557,0.0176549
CALVIN,C12,4,32,0.0706716,0.9082727,26.076304,0.0204957
CALVIN,C12,4,48,0.0896247,0.8904283,24.8823746,0.024407
CALVIN,C12,4,64,0.1101304,0.8692024,23.5917424,0.0289767
CALVIN,C12,6,8,0.0522253,0.9258688,27.3665404,0.0155485
CALVIN,C12,6,16,0.0573514,0.9213648,27.1837289,0.0167114
CALVIN,C12,6,32,0.0691264,0.9114962,26.2926788,0.0197588
CALVIN,C12,6,48,0.0903597,0.8913469,24.7592934,0.0243706
CALVIN,C12,6,64,0.1104059,0.869889,23.5029128,0.0287372
CALVIN,C12,8,8,0.0522229,0.9251089,27.2777224,0.0156942
CALVIN,C12,8,16,0.0607421,0.9126016,26.4017184,0.0182381
CALVIN,C12,8,32,0.0731595,0.9024604,25.6173835,0.0216955
CALVIN,C12,8,48,0.0958906,0.8828286,24.2904999,0.0266377
CALVIN,C12,8,64,0.1214964,0.8594571,22.7493819,0.0334115
CALVIN,C12,12,8,0.0522229,0.9251089,27.2777224,0.0156942
CALVIN,C12,12,16,0.0694021,0.9027411,25.7424076,0.0208735
CALVIN,C12,12,32,0.1114331,0.868208,23.060819,0.0343792
CALVIN,C12,12,48,0.1573512,0.8290448,20.6889055,0.0502091
CALVIN,C12,12,64,0.1891908,0.8026732,19.2733128,0.0609761
CALVIN,C12,16,8,0.0522229,0.9251089,27.2777224,0.0156942
CALVIN,C12,16,16,0.0719751,0.9010278,25.6529478,0.0214009
CALVIN,C12,16,32,0.1308881,0.8587415,22.1653096,0.0415943
CALVIN,C12,16,48,0.1780016,0.8236038,19.9198521,0.057893
CALVIN,C12,16,64,0.2088754,0.7987572,18.5552995,0.0691741
