dataset,window_w,cases,context_tokens,theoretical_kv_mib,lpips_auc_mean,lpips_auc_std,lpips_auc_ci95_low,lpips_auc_ci95_high,ssim_auc_mean,ssim_auc_std,ssim_auc_ci95_low,ssim_auc_ci95_high,psnr_auc_mean,psnr_auc_std,psnr_auc_ci95_low,psnr_auc_ci95_high,mae_auc_mean,mae_auc_std,mae_auc_ci95_low,mae_auc_ci95_high
RT-1,2,4,1559,54.808594,0.1424458,0.0105037,0.1355858,0.1523194,0.8114647,0.0077198,0.8055128,0.8177886,23.3484841,0.6546323,22.8104375,23.8865307,0.0347546,0.0013995,0.0334401,0.035701
RT-1,4,4,1745,61.347656,0.1317876,0.0064268,0.1270803,0.1373783,0.8176075,0.0059031,0.8134268,0.8230811,23.9775001,1.0710177,23.0390604,24.7609016,0.0324098,0.0032995,0.0303637,0.0356096
RT-1,6,4,1931,67.886719,0.1312575,0.0076987,0.1250805,0.1374345,0.8181422,0.0047779,0.8142786,0.8220059,24.0408382,1.2467425,22.9235902,24.9631901,0.0321595,0.0037423,0.0290105,0.0357028
RT-1,8,4,2117,74.425781,0.1443693,0.0152066,0.133664,0.1582861,0.8051615,0.0211985,0.7856499,0.8192905,22.8532345,2.1885735,21.0727216,24.6337472,0.0380588,0.0096314,0.030924,0.0464567
RT-1,12,4,2489,87.503906,0.1483358,0.0061025,0.1425263,0.1523893,0.8039735,0.0089932,0.7959669,0.8104038,22.5548942,1.4114449,21.4206496,23.6891388,0.0378387,0.0052343,0.0332991,0.0421737
RT-1,16,4,2861,100.582031,0.1511209,0.0026577,0.1488604,0.1533814,0.8009585,0.0083169,0.7938693,0.8072345,22.6074483,1.1023415,21.7543815,23.5028414,0.0389814,0.0035266,0.035689,0.0413251
CALVIN,2,4,1559,54.808594,0.0876536,0.017285,0.0737304,0.1015768,0.8837732,0.0197936,0.8646645,0.8987905,23.9144742,1.7542217,22.2574991,25.3968742,0.0266592,0.0055753,0.0225036,0.0317672
CALVIN,4,4,1745,61.347656,0.0811952,0.0159374,0.0694578,0.0969327,0.8886706,0.0203126,0.8704886,0.9033077,24.4546309,1.9443329,22.8423503,25.9504272,0.0245071,0.0054867,0.0207172,0.029605
CALVIN,6,4,1931,67.886719,0.0830456,0.0165575,0.0734913,0.0994952,0.8863149,0.0216656,0.8665417,0.9013383,24.2866413,1.92306,22.6880362,25.7353118,0.0251576,0.0058777,0.021235,0.0306
CALVIN,8,4,2117,74.425781,0.0893929,0.012906,0.079865,0.1006895,0.8809078,0.0179658,0.8663365,0.8947086,23.8416307,1.7177852,22.4392069,25.2440545,0.0269172,0.0051782,0.0230905,0.0314098
CALVIN,12,4,2489,87.503906,0.1135389,0.0067173,0.108347,0.1189934,0.8637984,0.0067544,0.8582467,0.8693502,22.4294948,0.5626505,21.9743156,22.8665385,0.0357756,0.0018214,0.0346237,0.0376217
CALVIN,16,4,2861,100.582031,0.1202115,0.0124916,0.1109298,0.1309877,0.8609093,0.0081843,0.8543849,0.8674338,22.1001479,0.429032,21.7607093,22.4944227,0.0397274,0.0029581,0.0376936,0.0426636
LIBERO-90,2,4,1559,54.808594,0.1321906,0.0450103,0.1002365,0.1741486,0.8570222,0.040956,0.8237213,0.8888178,21.2151033,4.8324698,17.1807689,25.2494378,0.0427324,0.0233725,0.0244094,0.0613395
LIBERO-90,4,4,1745,61.347656,0.1266742,0.0484108,0.0928364,0.1709524,0.8628121,0.0469312,0.8249291,0.899176,21.7260941,5.1413221,17.5116916,25.9404967,0.041328,0.0241351,0.0227431,0.0609221
LIBERO-90,6,4,1931,67.886719,0.1268395,0.0479721,0.093438,0.170844,0.8621869,0.046327,0.824579,0.8978752,21.788879,5.1682905,17.5580023,26.0197557,0.0410883,0.0242054,0.0225296,0.0608998
LIBERO-90,8,4,2117,74.425781,0.1326457,0.0437791,0.1016979,0.1751365,0.8544187,0.0384717,0.8204302,0.8823692,20.8517119,4.217886,17.4809984,24.2224254,0.0436177,0.0217305,0.0275965,0.0625973
LIBERO-90,12,4,2489,87.503906,0.1399082,0.0390291,0.1101257,0.1764649,0.8498817,0.0322189,0.8191688,0.873265,20.3891453,3.6912307,17.3592118,23.2444355,0.0465707,0.0210987,0.0318118,0.0668434
LIBERO-90,16,4,2861,100.582031,0.1434215,0.0377178,0.1139775,0.1798315,0.8406763,0.0406153,0.8048319,0.8704248,20.4016841,3.6905037,17.4644715,23.302895,0.0523714,0.0224206,0.0355705,0.07159
