dataset,case_id,recap_lpips_auc,full_lpips_auc,lpips_auc_gain_full_minus_recap,recap_ssim_auc,full_ssim_auc,ssim_auc_gain_recap_minus_full,recap_psnr_auc,full_psnr_auc,psnr_auc_gain_recap_minus_full
RT-1,train_eps_00000000,0.1234649,0.1436535,0.0201886,0.8266176,0.8120576,0.0145599,25.5209793,24.5447293,0.97625
RT-1,train_eps_00000001,0.1319398,0.1709002,0.0389604,0.8267095,0.7835462,0.0431634,24.7291345,22.2594846,2.46965
RT-1,train_eps_00000007,0.1292717,0.1495636,0.0202919,0.8124928,0.7850596,0.0274332,23.5927373,22.07442,1.5183173
RT-1,train_eps_00000015,0.133821,0.146958,0.013137,0.8090918,0.7986089,0.0104829,23.0003971,22.5537208,0.4466763
RT-1,train_eps_00000023,0.1363297,0.1528694,0.0165397,0.8196036,0.8068494,0.0127543,24.5780941,23.0556404,1.5224537
RT-1,train_eps_00000048,0.1232236,0.1564984,0.0332748,0.8255752,0.8021564,0.0234187,24.6536648,23.6254311,1.0282337
RT-1,train_eps_00000049,0.1567781,0.1755732,0.0187951,0.8172054,0.7862049,0.0310005,21.3878815,20.479357,0.9085245
RT-1,train_eps_00000052,0.5807133,0.5809657,0.0002524,0.2275468,0.2269924,0.0005544,13.5481746,13.7032158,-0.1550412
RT-1,train_eps_00000061,0.1374647,0.1573917,0.019927,0.8159206,0.7925723,0.0233483,22.5677396,21.2720296,1.2957099
