dataset,case_id,method,future_step,lpips,ssim,psnr_db,mae
RT-1,train_eps_00000000,full_history,1,0.1103871,0.8309308,26.5341339,0.0233253
RT-1,train_eps_00000000,full_history,2,0.1271204,0.8250955,24.4422569,0.0267778
RT-1,train_eps_00000000,full_history,3,0.1411038,0.7987198,23.7993011,0.0301968
RT-1,train_eps_00000000,full_history,4,0.1402803,0.7998388,25.5924263,0.0277421
RT-1,train_eps_00000000,full_history,5,0.1295041,0.8255268,26.1669693,0.0307864
RT-1,train_eps_00000000,full_history,6,0.1075108,0.8493854,27.8957901,0.0214595
RT-1,train_eps_00000000,full_history,7,0.1098418,0.8293267,25.9778214,0.0321574
RT-1,train_eps_00000000,full_history,8,0.112828,0.8365341,26.7145901,0.0284998
RT-1,train_eps_00000000,full_history,9,0.1139539,0.8416853,26.8612099,0.0249055
RT-1,train_eps_00000000,full_history,10,0.1123844,0.8421205,26.9703064,0.0242127
RT-1,train_eps_00000000,full_history,11,0.1195737,0.8337702,26.4933357,0.0239978
RT-1,train_eps_00000000,full_history,12,0.113384,0.8274384,26.1449642,0.0285239
RT-1,train_eps_00000000,full_history,13,0.1235572,0.8174749,24.853653,0.0309319
RT-1,train_eps_00000000,full_history,14,0.1269217,0.8210306,24.8582687,0.0285412
RT-1,train_eps_00000000,full_history,15,0.1245062,0.8251863,24.9378967,0.0286269
RT-1,train_eps_00000000,full_history,16,0.1317826,0.8282303,25.1147747,0.0294061
RT-1,train_eps_00000000,full_history,17,0.153297,0.7992863,23.3249741,0.0330798
RT-1,train_eps_00000000,full_history,18,0.1507205,0.8067133,23.2850742,0.0322411
RT-1,train_eps_00000000,full_history,19,0.1512222,0.8104668,23.4000874,0.032017
RT-1,train_eps_00000000,full_history,20,0.1480412,0.8262689,24.979351,0.0283852
RT-1,train_eps_00000000,full_history,21,0.1674438,0.8102116,24.2863541,0.0330807
RT-1,train_eps_00000000,full_history,22,0.1627768,0.8140777,24.7112122,0.0321775
RT-1,train_eps_00000000,full_history,23,0.1588408,0.8244376,25.1577339,0.0306575
RT-1,train_eps_00000000,full_history,24,0.167873,0.8127531,23.7399864,0.0354919
RT-1,train_eps_00000000,full_history,25,0.1656356,0.8072483,23.1657505,0.0363751
RT-1,train_eps_00000000,full_history,26,0.1759334,0.7876363,22.5092793,0.0458236
RT-1,train_eps_00000000,full_history,27,0.1780549,0.7816125,22.2879028,0.0493195
RT-1,train_eps_00000000,full_history,28,0.1729692,0.7940336,22.5454788,0.0443872
RT-1,train_eps_00000000,full_history,29,0.1789153,0.7724024,22.0481701,0.0510736
RT-1,train_eps_00000000,full_history,30,0.1720796,0.7932506,22.4987488,0.042812
RT-1,train_eps_00000000,full_history,31,0.1718218,0.7847386,22.3882084,0.0479009
RT-1,train_eps_00000000,full_history,32,0.1703988,0.7824621,22.4955654,0.0525636
RT-1,train_eps_00000000,full_history,33,0.1679211,0.7885174,22.8242779,0.048558
RT-1,train_eps_00000000,full_history,34,0.1648135,0.7934791,23.0050201,0.0419801
RT-1,train_eps_00000000,full_history,35,0.1686444,0.7852355,22.9431305,0.0457388
RT-1,train_eps_00000000,full_history,36,0.1703371,0.7868764,22.4520702,0.0481496
RT-1,train_eps_00000000,full_history,37,0.1673978,0.7911052,22.3995934,0.0455268
RT-1,train_eps_00000000,full_history,38,0.1701133,0.7946562,22.5387039,0.0439419
RT-1,train_eps_00000000,full_history,39,0.1705517,0.7873269,22.319109,0.0479221
RT-1,train_eps_00000000,full_history,40,0.1707397,0.7939837,22.5034409,0.0441607
RT-1,train_eps_00000000,full_history,41,0.1813446,0.7709141,21.9639759,0.0502282
RT-1,train_eps_00000000,full_history,42,0.1930255,0.7705973,21.7480469,0.0500137
RT-1,train_eps_00000000,full_history,43,0.2017183,0.7606719,21.3444538,0.0523872
RT-1,train_eps_00000000,full_history,44,0.1968594,0.7710605,21.4479942,0.048298
RT-1,train_eps_00000000,full_history,45,0.1997534,0.7649636,21.5816021,0.0494255
RT-1,train_eps_00000000,full_history,46,0.201013,0.7706188,21.6450424,0.0478773
RT-1,train_eps_00000000,full_history,47,0.1972802,0.7759986,21.6665173,0.0450725
RT-1,train_eps_00000000,full_history,48,0.1953493,0.781581,21.9292068,0.0439653
RT-1,train_eps_00000000,full_history,49,0.1953817,0.7733143,21.9338417,0.0450007
RT-1,train_eps_00000000,full_history,50,0.1890268,0.783008,22.0130463,0.0429433
RT-1,train_eps_00000000,full_history,51,0.1917195,0.7856312,22.0775871,0.0414224
RT-1,train_eps_00000000,full_history,52,0.1762571,0.8039054,22.8225517,0.0373025
RT-1,train_eps_00000000,full_history,53,0.1680567,0.7979488,23.0887756,0.0392538
RT-1,train_eps_00000000,full_history,54,0.1691318,0.7927496,23.0129089,0.040869
RT-1,train_eps_00000000,full_history,55,0.1665869,0.7901363,23.1890202,0.0420515
RT-1,train_eps_00000000,full_history,56,0.1642298,0.7954701,23.3070221,0.0403632
RT-1,train_eps_00000000,full_history,57,0.1660463,0.8075237,23.1686192,0.0360781
RT-1,train_eps_00000000,full_history,58,0.1821311,0.7911898,22.6135139,0.0439476
RT-1,train_eps_00000000,full_history,59,0.1834662,0.785634,22.5425434,0.0434599
RT-1,train_eps_00000000,full_history,60,0.1869886,0.7740729,22.1082077,0.0496379
RT-1,train_eps_00000000,full_history,61,0.1895941,0.7694522,21.9678402,0.0522513
RT-1,train_eps_00000000,full_history,62,0.1852791,0.787409,22.3031712,0.0448722
RT-1,train_eps_00000000,full_history,63,0.1847356,0.7821895,22.35392,0.0458655
RT-1,train_eps_00000000,full_history,64,0.1857415,0.7799758,22.360054,0.0461943
RT-1,train_eps_00000000,recap,1,0.1103942,0.8308272,26.5308495,0.0233719
RT-1,train_eps_00000000,recap,2,0.1284631,0.82202,24.158041,0.0275402
RT-1,train_eps_00000000,recap,3,0.1450016,0.7957657,23.6824493,0.0304654
RT-1,train_eps_00000000,recap,4,0.1441014,0.7966658,25.4384117,0.0283781
RT-1,train_eps_00000000,recap,5,0.1316984,0.825724,26.2033958,0.0310347
RT-1,train_eps_00000000,recap,6,0.109419,0.8526105,27.9371719,0.0215574
RT-1,train_eps_00000000,recap,7,0.1116586,0.8295337,25.9810066,0.032603
RT-1,train_eps_00000000,recap,8,0.1155216,0.8374131,26.6504211,0.0287777
RT-1,train_eps_00000000,recap,9,0.113821,0.8449588,27.0207138,0.0247507
RT-1,train_eps_00000000,recap,10,0.1126077,0.8457111,27.1246796,0.0240305
RT-1,train_eps_00000000,recap,11,0.1212048,0.8347006,25.933609,0.0244648
RT-1,train_eps_00000000,recap,12,0.1129434,0.8289095,26.1550159,0.0293106
RT-1,train_eps_00000000,recap,13,0.1260213,0.8207625,25.4493885,0.0290294
RT-1,train_eps_00000000,recap,14,0.1144585,0.8417935,26.2278671,0.0245216
RT-1,train_eps_00000000,recap,15,0.110236,0.8456926,26.29529,0.0247565
RT-1,train_eps_00000000,recap,16,0.11313,0.8364418,25.923912,0.0263974
RT-1,train_eps_00000000,recap,17,0.1192952,0.8258005,25.0826931,0.0270329
RT-1,train_eps_00000000,recap,18,0.1159164,0.8255351,24.9797993,0.0276191
RT-1,train_eps_00000000,recap,19,0.1183198,0.8285771,25.0466957,0.0262135
RT-1,train_eps_00000000,recap,20,0.1232324,0.8262582,24.8501396,0.0272528
RT-1,train_eps_00000000,recap,21,0.1194671,0.8337899,25.0431061,0.0258208
RT-1,train_eps_00000000,recap,22,0.1174087,0.8331111,25.871954,0.0249247
RT-1,train_eps_00000000,recap,23,0.1158773,0.8344993,26.0502319,0.0243311
RT-1,train_eps_00000000,recap,24,0.1214479,0.8304159,25.9241295,0.0248622
RT-1,train_eps_00000000,recap,25,0.1180909,0.8311704,25.8905182,0.0248301
RT-1,train_eps_00000000,recap,26,0.1165242,0.8286573,25.2955055,0.0288545
RT-1,train_eps_00000000,recap,27,0.1303146,0.8125458,24.071434,0.0335189
RT-1,train_eps_00000000,recap,28,0.1271289,0.8230686,24.5663033,0.0292106
RT-1,train_eps_00000000,recap,29,0.1310049,0.8083684,24.0010681,0.0339683
RT-1,train_eps_00000000,recap,30,0.1314525,0.8183965,24.7541904,0.0275352
RT-1,train_eps_00000000,recap,31,0.1324507,0.8184602,24.6934605,0.0283392
RT-1,train_eps_00000000,recap,32,0.1386152,0.818942,24.2670536,0.0325192
RT-1,train_eps_00000000,recap,33,0.1293548,0.8284492,25.3358994,0.0299869
RT-1,train_eps_00000000,recap,34,0.1273995,0.8257336,25.6901646,0.0261725
RT-1,train_eps_00000000,recap,35,0.1261724,0.8252631,25.4536858,0.0285242
RT-1,train_eps_00000000,recap,36,0.129739,0.8262681,25.2601318,0.029451
RT-1,train_eps_00000000,recap,37,0.1271695,0.8293714,25.3782482,0.0273493
RT-1,train_eps_00000000,recap,38,0.1310418,0.8247952,25.280201,0.0280004
RT-1,train_eps_00000000,recap,39,0.1303675,0.8249525,24.9785728,0.0312771
RT-1,train_eps_00000000,recap,40,0.1320551,0.8228391,25.1686172,0.0285942
RT-1,train_eps_00000000,recap,41,0.1254376,0.8272538,24.7511692,0.0307102
RT-1,train_eps_00000000,recap,42,0.1236446,0.8279418,24.893631,0.0283705
RT-1,train_eps_00000000,recap,43,0.1246429,0.8194867,24.7141075,0.0298746
RT-1,train_eps_00000000,recap,44,0.1284382,0.8167478,24.7513771,0.0278641
RT-1,train_eps_00000000,recap,45,0.1266046,0.8152335,24.807106,0.0283327
RT-1,train_eps_00000000,recap,46,0.1304718,0.8131681,24.7910118,0.0279812
RT-1,train_eps_00000000,recap,47,0.1270764,0.8123779,24.8244591,0.0271767
RT-1,train_eps_00000000,recap,48,0.1357597,0.8090948,24.0242081,0.0292827
RT-1,train_eps_00000000,recap,49,0.1324492,0.8107013,23.8432579,0.0299693
RT-1,train_eps_00000000,recap,50,0.1220143,0.8202831,24.4142075,0.0276141
RT-1,train_eps_00000000,recap,51,0.1318554,0.8108334,24.0794716,0.0285432
RT-1,train_eps_00000000,recap,52,0.1451044,0.8103533,23.8963013,0.0295873
RT-1,train_eps_00000000,recap,53,0.1604768,0.8048617,23.1875687,0.0339154
RT-1,train_eps_00000000,recap,54,0.1517009,0.8094307,23.4545021,0.0345406
RT-1,train_eps_00000000,recap,55,0.1601339,0.806362,23.0573997,0.0377357
RT-1,train_eps_00000000,recap,56,0.1556547,0.8072529,23.2345295,0.0358119
RT-1,train_eps_00000000,recap,57,0.1517571,0.8085461,23.47192,0.0308379
RT-1,train_eps_00000000,recap,58,0.1510072,0.8138024,23.3284416,0.0353904
RT-1,train_eps_00000000,recap,59,0.1596928,0.8054771,23.1680145,0.0352541
RT-1,train_eps_00000000,recap,60,0.1563282,0.8052911,23.0353661,0.0376715
RT-1,train_eps_00000000,recap,61,0.151384,0.8057277,23.1426315,0.0378021
RT-1,train_eps_00000000,recap,62,0.148954,0.8093132,23.4842072,0.0313714
RT-1,train_eps_00000000,recap,63,0.152563,0.8107989,23.4107437,0.0328062
RT-1,train_eps_00000000,recap,64,0.1569417,0.8053177,23.1098099,0.0342432
RT-1,train_eps_00000001,full_history,1,0.0902395,0.8664739,27.2580128,0.021752
RT-1,train_eps_00000001,full_history,2,0.0881519,0.8672034,27.4775391,0.0214783
RT-1,train_eps_00000001,full_history,3,0.0922645,0.8722117,28.387392,0.0210392
RT-1,train_eps_00000001,full_history,4,0.0959104,0.8655469,27.9083424,0.0221569
RT-1,train_eps_00000001,full_history,5,0.0951597,0.8668602,27.8066711,0.0221209
RT-1,train_eps_00000001,full_history,6,0.0918006,0.8661355,28.1444664,0.0216555
RT-1,train_eps_00000001,full_history,7,0.0971326,0.8550823,26.8504906,0.0241419
RT-1,train_eps_00000001,full_history,8,0.1037639,0.8587366,25.762434,0.024561
RT-1,train_eps_00000001,full_history,9,0.1340647,0.8247383,23.134325,0.0326621
RT-1,train_eps_00000001,full_history,10,0.1737998,0.7859421,19.0023041,0.0501822
RT-1,train_eps_00000001,full_history,11,0.2169252,0.7369767,15.7047272,0.0788636
RT-1,train_eps_00000001,full_history,12,0.2145569,0.7408282,15.7631168,0.0781241
RT-1,train_eps_00000001,full_history,13,0.2173948,0.7427629,15.8240948,0.0739046
RT-1,train_eps_00000001,full_history,14,0.2221986,0.7458404,15.9497623,0.0716943
RT-1,train_eps_00000001,full_history,15,0.2266756,0.7520638,16.8034229,0.066675
RT-1,train_eps_00000001,full_history,16,0.2289365,0.7432184,17.6351948,0.064094
RT-1,train_eps_00000001,full_history,17,0.2307812,0.7407047,17.8441563,0.0631595
RT-1,train_eps_00000001,full_history,18,0.2327103,0.7456501,17.938282,0.0627733
RT-1,train_eps_00000001,full_history,19,0.2051683,0.7715753,20.3789177,0.0491283
RT-1,train_eps_00000001,full_history,20,0.1958856,0.7777988,20.9862423,0.0464473
RT-1,train_eps_00000001,full_history,21,0.1713673,0.801742,23.2654743,0.0384675
RT-1,train_eps_00000001,full_history,22,0.1693095,0.8003163,23.1729221,0.0391746
RT-1,train_eps_00000001,full_history,23,0.1731772,0.7886521,22.8059368,0.0414655
RT-1,train_eps_00000001,full_history,24,0.171817,0.7934674,23.0838509,0.0407706
RT-1,train_eps_00000001,full_history,25,0.1716426,0.7945764,23.1847038,0.0405123
RT-1,train_eps_00000001,full_history,26,0.1682391,0.786402,22.9073944,0.0422592
RT-1,train_eps_00000001,full_history,27,0.1677726,0.7843477,22.8829613,0.0427552
RT-1,train_eps_00000001,full_history,28,0.1669009,0.7835723,23.1797714,0.0425897
RT-1,train_eps_00000001,full_history,29,0.1677617,0.7878165,23.278162,0.0420835
RT-1,train_eps_00000001,full_history,30,0.1947146,0.719446,21.440506,0.0548938
RT-1,train_eps_00000001,full_history,31,0.1947796,0.7170393,21.5398998,0.055372
RT-1,train_eps_00000001,full_history,32,0.2038124,0.7185813,21.2473221,0.0570546
RT-1,train_eps_00000001,full_history,33,0.2180346,0.6990376,20.4601688,0.0627961
RT-1,train_eps_00000001,full_history,34,0.234375,0.6772041,19.81633,0.0679736
RT-1,train_eps_00000001,full_history,35,0.2306237,0.6863961,19.9889069,0.0651754
RT-1,train_eps_00000001,full_history,36,0.2245556,0.6981803,20.3192501,0.0626371
RT-1,train_eps_00000001,full_history,37,0.2285931,0.7021863,20.5429382,0.0596592
RT-1,train_eps_00000001,full_history,38,0.228585,0.7060326,20.5965691,0.0583742
RT-1,train_eps_00000001,full_history,39,0.2344315,0.6957589,20.3103676,0.0613028
RT-1,train_eps_00000001,full_history,40,0.2362475,0.6942111,20.3392944,0.0619671
RT-1,train_eps_00000001,full_history,41,0.2384737,0.6973882,20.4493752,0.0602748
RT-1,train_eps_00000001,full_history,42,0.2385501,0.6939805,20.4719753,0.0603199
RT-1,train_eps_00000001,full_history,43,0.2327987,0.6957102,20.7384682,0.0584914
RT-1,train_eps_00000001,full_history,44,0.2254331,0.7044427,20.7693977,0.0582988
RT-1,train_eps_00000001,full_history,45,0.2264924,0.7044557,20.8642693,0.0573303
RT-1,train_eps_00000001,full_history,46,0.2328891,0.6976959,20.7056847,0.0590554
RT-1,train_eps_00000001,full_history,47,0.2459352,0.682505,20.1624947,0.0656269
RT-1,train_eps_00000001,full_history,48,0.2559065,0.6656252,19.6751137,0.0731226
RT-1,train_eps_00000001,full_history,49,0.2539926,0.6783328,19.8873634,0.0691835
RT-1,train_eps_00000001,full_history,50,0.2567404,0.6722469,19.8265247,0.070297
RT-1,train_eps_00000001,full_history,51,0.2547365,0.680442,20.0494537,0.0668348
RT-1,train_eps_00000001,full_history,52,0.2603023,0.6739895,19.9238472,0.0697172
RT-1,train_eps_00000001,full_history,53,0.2588491,0.69079,20.0344963,0.0636624
RT-1,train_eps_00000001,full_history,54,0.259827,0.6943532,20.0543327,0.062705
RT-1,train_eps_00000001,full_history,55,0.2658261,0.6837515,19.5703125,0.0680355
RT-1,train_eps_00000001,full_history,56,0.2761454,0.6788764,19.1366844,0.0689548
RT-1,train_eps_00000001,full_history,57,0.2808938,0.6767651,18.9880486,0.0692158
RT-1,train_eps_00000001,full_history,58,0.281461,0.6717026,18.843853,0.0707606
RT-1,train_eps_00000001,full_history,59,0.2888322,0.6498325,18.3075943,0.0798145
RT-1,train_eps_00000001,full_history,60,0.2901661,0.6472411,17.9242973,0.0808063
RT-1,train_eps_00000001,full_history,61,0.2901244,0.6532097,17.9968491,0.0796165
RT-1,train_eps_00000001,full_history,62,0.2817061,0.6595797,19.0782032,0.0727328
RT-1,train_eps_00000001,full_history,63,0.2643518,0.656868,19.6694775,0.0693444
RT-1,train_eps_00000001,full_history,64,0.2571408,0.6566307,19.7895641,0.0672253
RT-1,train_eps_00000001,recap,1,0.0902395,0.8664739,27.2580128,0.021752
RT-1,train_eps_00000001,recap,2,0.0881519,0.8672034,27.4775391,0.0214783
RT-1,train_eps_00000001,recap,3,0.0922645,0.8722117,28.387392,0.0210392
RT-1,train_eps_00000001,recap,4,0.0959104,0.8655469,27.9083424,0.0221569
RT-1,train_eps_00000001,recap,5,0.0951597,0.8668602,27.8066711,0.0221209
RT-1,train_eps_00000001,recap,6,0.0918006,0.8661355,28.1444664,0.0216555
RT-1,train_eps_00000001,recap,7,0.0971326,0.8550823,26.8504906,0.0241419
RT-1,train_eps_00000001,recap,8,0.0972723,0.8628269,26.6202049,0.0229689
RT-1,train_eps_00000001,recap,9,0.1162862,0.8388801,25.0275326,0.0275598
RT-1,train_eps_00000001,recap,10,0.1210048,0.8423902,23.6974335,0.028474
RT-1,train_eps_00000001,recap,11,0.153627,0.8188071,20.5324078,0.0407412
RT-1,train_eps_00000001,recap,12,0.1286578,0.8409489,22.7800064,0.0312056
RT-1,train_eps_00000001,recap,13,0.1357588,0.8394771,22.1206589,0.0309561
RT-1,train_eps_00000001,recap,14,0.1366245,0.8451095,23.2704258,0.0296158
RT-1,train_eps_00000001,recap,15,0.1265516,0.8486584,25.0290833,0.0278157
RT-1,train_eps_00000001,recap,16,0.1351096,0.8197063,24.2591362,0.035112
RT-1,train_eps_00000001,recap,17,0.1330512,0.8206642,24.3998375,0.0346095
RT-1,train_eps_00000001,recap,18,0.1269868,0.8271369,24.9346619,0.0332164
RT-1,train_eps_00000001,recap,19,0.129603,0.8351182,25.2365074,0.0309446
RT-1,train_eps_00000001,recap,20,0.1345538,0.8290739,24.216423,0.0324878
RT-1,train_eps_00000001,recap,21,0.1306524,0.832606,24.8140335,0.031113
RT-1,train_eps_00000001,recap,22,0.1321608,0.8339524,24.9973202,0.0315663
RT-1,train_eps_00000001,recap,23,0.1304969,0.8288714,24.9445648,0.0301738
RT-1,train_eps_00000001,recap,24,0.1266467,0.8381612,25.3381824,0.0296406
RT-1,train_eps_00000001,recap,25,0.1252576,0.8344222,25.1574402,0.0317326
RT-1,train_eps_00000001,recap,26,0.1302663,0.8302119,24.7625923,0.0304782
RT-1,train_eps_00000001,recap,27,0.1299337,0.8347265,24.9355011,0.0293562
RT-1,train_eps_00000001,recap,28,0.1421944,0.812701,24.0103302,0.0316115
RT-1,train_eps_00000001,recap,29,0.1616218,0.7885606,22.7956352,0.0368539
RT-1,train_eps_00000001,recap,30,0.1541736,0.7939179,23.5737896,0.0331878
RT-1,train_eps_00000001,recap,31,0.1585521,0.7939756,23.3653107,0.0335132
RT-1,train_eps_00000001,recap,32,0.1646233,0.7789997,23.0417919,0.0357579
RT-1,train_eps_00000001,recap,33,0.169921,0.7763453,23.2726955,0.035539
RT-1,train_eps_00000001,recap,34,0.1755384,0.773526,22.896946,0.0367396
RT-1,train_eps_00000001,recap,35,0.1777792,0.7761799,22.7998199,0.036166
RT-1,train_eps_00000001,recap,36,0.1801255,0.7641053,22.6635017,0.0376939
RT-1,train_eps_00000001,recap,37,0.1816877,0.7770134,23.0720558,0.035324
RT-1,train_eps_00000001,recap,38,0.1822545,0.77718,23.0507507,0.0354296
RT-1,train_eps_00000001,recap,39,0.1952787,0.7529485,22.4109821,0.0384985
RT-1,train_eps_00000001,recap,40,0.1950931,0.752705,22.0081711,0.0402055
RT-1,train_eps_00000001,recap,41,0.1976478,0.7493955,21.9636517,0.0405005
RT-1,train_eps_00000001,recap,42,0.1943286,0.7509938,22.0374279,0.0400644
RT-1,train_eps_00000001,recap,43,0.1977714,0.7329953,22.3491573,0.04049
RT-1,train_eps_00000001,recap,44,0.1891937,0.7443133,22.4142189,0.039734
RT-1,train_eps_00000001,recap,45,0.1875835,0.7518803,22.5018883,0.0389871
RT-1,train_eps_00000001,recap,46,0.1911061,0.7575877,22.441143,0.0386588
RT-1,train_eps_00000001,recap,47,0.2124887,0.7196896,21.4808121,0.04536
RT-1,train_eps_00000001,recap,48,0.2189858,0.7241181,20.8631115,0.050395
RT-1,train_eps_00000001,recap,49,0.2185152,0.7207437,20.7809563,0.0485348
RT-1,train_eps_00000001,recap,50,0.2200689,0.719629,20.5495987,0.0503909
RT-1,train_eps_00000001,recap,51,0.2210997,0.718333,20.6446609,0.0487785
RT-1,train_eps_00000001,recap,52,0.2174799,0.7205117,20.5971947,0.0519178
RT-1,train_eps_00000001,recap,53,0.2110251,0.7249709,20.484602,0.0501892
RT-1,train_eps_00000001,recap,54,0.2125646,0.7272213,20.4637699,0.0500414
RT-1,train_eps_00000001,recap,55,0.2156861,0.7262182,20.0103874,0.0530429
RT-1,train_eps_00000001,recap,56,0.225151,0.7114288,19.3782997,0.0564156
RT-1,train_eps_00000001,recap,57,0.2115168,0.7375901,19.8940067,0.0521556
RT-1,train_eps_00000001,recap,58,0.2120177,0.7405676,19.8056564,0.0524039
RT-1,train_eps_00000001,recap,59,0.2168552,0.7362984,19.3139,0.0574479
RT-1,train_eps_00000001,recap,60,0.22163,0.7412469,18.6688442,0.0577667
RT-1,train_eps_00000001,recap,61,0.2221353,0.742245,18.6914215,0.0573047
RT-1,train_eps_00000001,recap,62,0.2000064,0.7558808,20.3614407,0.0495331
RT-1,train_eps_00000001,recap,63,0.1802881,0.7602152,22.312891,0.040336
RT-1,train_eps_00000001,recap,64,0.1692518,0.7730353,22.7148838,0.0374502
RT-1,train_eps_00000007,full_history,1,0.1096096,0.8369312,25.6790562,0.0250069
RT-1,train_eps_00000007,full_history,2,0.105731,0.8439052,26.7512169,0.0240248
RT-1,train_eps_00000007,full_history,3,0.11585,0.8206034,25.0252457,0.0271864
RT-1,train_eps_00000007,full_history,4,0.112602,0.8232309,25.3583183,0.0274044
RT-1,train_eps_00000007,full_history,5,0.1158848,0.8156399,24.5260906,0.0283321
RT-1,train_eps_00000007,full_history,6,0.1138273,0.8190906,24.4466171,0.030565
RT-1,train_eps_00000007,full_history,7,0.1222214,0.8213679,24.0474243,0.0288756
RT-1,train_eps_00000007,full_history,8,0.1169027,0.8209251,24.2523098,0.0298523
RT-1,train_eps_00000007,full_history,9,0.1208818,0.8160948,24.2874069,0.0319014
RT-1,train_eps_00000007,full_history,10,0.1376312,0.7880467,22.5975323,0.0353409
RT-1,train_eps_00000007,full_history,11,0.1336507,0.8089245,22.6005363,0.0344458
RT-1,train_eps_00000007,full_history,12,0.1348281,0.8148822,22.5876141,0.0323597
RT-1,train_eps_00000007,full_history,13,0.1410084,0.8143026,21.6759567,0.0346818
RT-1,train_eps_00000007,full_history,14,0.140372,0.8140342,21.7055683,0.0348849
RT-1,train_eps_00000007,full_history,15,0.1439833,0.8015558,21.4759483,0.0379636
RT-1,train_eps_00000007,full_history,16,0.1560604,0.7814079,20.5762939,0.0423166
RT-1,train_eps_00000007,full_history,17,0.1554665,0.7882547,20.1692352,0.046193
RT-1,train_eps_00000007,full_history,18,0.1568045,0.7826298,19.3336563,0.0479097
RT-1,train_eps_00000007,full_history,19,0.1579912,0.7848865,19.5623608,0.0472764
RT-1,train_eps_00000007,full_history,20,0.1583283,0.7815962,19.8345661,0.0465369
RT-1,train_eps_00000007,full_history,21,0.1671975,0.7540626,19.8232994,0.0490215
RT-1,train_eps_00000007,full_history,22,0.1580881,0.7888711,20.3478718,0.0449429
RT-1,train_eps_00000007,full_history,23,0.1567566,0.7915072,21.1378479,0.0422386
RT-1,train_eps_00000007,full_history,24,0.1594496,0.7831369,21.4309216,0.0429592
RT-1,train_eps_00000007,full_history,25,0.1699771,0.7586353,20.6715603,0.0487259
RT-1,train_eps_00000007,full_history,26,0.1662438,0.7641088,21.0046272,0.047458
RT-1,train_eps_00000007,full_history,27,0.16719,0.7612847,20.7285328,0.048569
RT-1,train_eps_00000007,full_history,28,0.1684605,0.7532811,20.7606716,0.0491609
RT-1,train_eps_00000007,full_history,29,0.168045,0.7532567,21.0966187,0.0515937
RT-1,train_eps_00000007,full_history,30,0.1695709,0.7594871,20.7242661,0.0492866
RT-1,train_eps_00000007,full_history,31,0.1675823,0.7569167,20.7962704,0.0496975
RT-1,train_eps_00000007,full_history,32,0.1713109,0.7448328,20.3787651,0.0527072
RT-1,train_eps_00000007,full_history,33,0.1748897,0.7462791,20.3901081,0.0525348
RT-1,train_eps_00000007,full_history,34,0.1845968,0.7444973,20.1432018,0.0545852
RT-1,train_eps_00000007,full_history,35,0.1912961,0.7354729,19.6923065,0.0580717
RT-1,train_eps_00000007,full_history,36,0.2039211,0.7217698,19.0089817,0.0634823
RT-1,train_eps_00000007,full_history,37,0.2028023,0.7228872,18.9713688,0.0639474
RT-1,train_eps_00000007,full_history,38,0.2026301,0.7285842,18.9868526,0.0632741
RT-1,train_eps_00000007,full_history,39,0.2041242,0.7213913,19.0278225,0.064525
RT-1,train_eps_00000007,full_history,40,0.2036926,0.7211958,18.9214096,0.0655042
RT-1,train_eps_00000007,full_history,41,0.2048385,0.7164656,18.7289829,0.0668654
RT-1,train_eps_00000007,full_history,42,0.2006006,0.7275162,18.7989616,0.0667222
RT-1,train_eps_00000007,full_history,43,0.2031961,0.7298849,18.7608948,0.0654264
RT-1,train_eps_00000007,full_history,44,0.204837,0.7261218,18.7049904,0.0662682
RT-1,train_eps_00000007,full_history,45,0.2061322,0.7179359,18.8679676,0.0659515
RT-1,train_eps_00000007,full_history,46,0.2181315,0.6867395,18.5475273,0.0705209
RT-1,train_eps_00000007,full_history,47,0.2315524,0.6677908,18.266201,0.0797497
RT-1,train_eps_00000007,full_history,48,0.2303459,0.6717284,18.2461052,0.0797444
RT-1,train_eps_00000007,full_history,49,0.2281058,0.6735808,18.3363495,0.0783156
RT-1,train_eps_00000007,full_history,50,0.2277733,0.6792871,18.3964577,0.0755368
RT-1,train_eps_00000007,full_history,51,0.2275207,0.6850474,18.5133724,0.0708995
RT-1,train_eps_00000007,full_history,52,0.2532289,0.6256646,18.4811707,0.0806657
RT-1,train_eps_00000007,full_history,53,0.2281016,0.6704316,18.7005024,0.0749907
RT-1,train_eps_00000007,full_history,54,0.2399418,0.6384249,18.6757355,0.0794269
RT-1,train_eps_00000007,full_history,55,0.2257039,0.6647064,18.7999802,0.0761559
RT-1,train_eps_00000007,full_history,56,0.2390107,0.6550994,18.8582001,0.0752412
RT-1,train_eps_00000007,full_history,57,0.2220617,0.677772,19.1762905,0.0696386
RT-1,train_eps_00000007,full_history,58,0.2230177,0.6691399,19.0808487,0.071273
RT-1,train_eps_00000007,full_history,59,0.2276646,0.6548421,19.040287,0.0739894
RT-1,train_eps_00000007,full_history,60,0.2259924,0.6617879,19.0201111,0.0740403
RT-1,train_eps_00000007,full_history,61,0.2312504,0.6606454,18.8776627,0.0739659
RT-1,train_eps_00000007,full_history,62,0.2256647,0.6587129,18.8408966,0.0766473
RT-1,train_eps_00000007,full_history,63,0.2251032,0.6686066,18.9076939,0.0726825
RT-1,train_eps_00000007,full_history,64,0.226844,0.6619124,18.8082485,0.0754179
RT-1,train_eps_00000007,recap,1,0.1096096,0.8369312,25.6790562,0.0250069
RT-1,train_eps_00000007,recap,2,0.105731,0.8439052,26.7512169,0.0240248
RT-1,train_eps_00000007,recap,3,0.11585,0.8206034,25.0252457,0.0271864
RT-1,train_eps_00000007,recap,4,0.112602,0.8232309,25.3583183,0.0274044
RT-1,train_eps_00000007,recap,5,0.1158848,0.8156399,24.5260906,0.0283321
RT-1,train_eps_00000007,recap,6,0.1138273,0.8190906,24.4466171,0.030565
RT-1,train_eps_00000007,recap,7,0.1222214,0.8213679,24.0474243,0.0288756
RT-1,train_eps_00000007,recap,8,0.113341,0.8211692,24.4780521,0.0294144
RT-1,train_eps_00000007,recap,9,0.1173593,0.813516,24.4051857,0.0318794
RT-1,train_eps_00000007,recap,10,0.1307813,0.7893276,23.0200729,0.034584
RT-1,train_eps_00000007,recap,11,0.1206883,0.8145149,23.7391586,0.0312822
RT-1,train_eps_00000007,recap,12,0.1182602,0.824177,24.578619,0.027805
RT-1,train_eps_00000007,recap,13,0.1276945,0.8246342,23.8312054,0.0289751
RT-1,train_eps_00000007,recap,14,0.1258312,0.8256329,24.1472263,0.0284457
RT-1,train_eps_00000007,recap,15,0.1224449,0.8258306,24.6012421,0.0279711
RT-1,train_eps_00000007,recap,16,0.1250051,0.8102713,24.4485779,0.0311899
RT-1,train_eps_00000007,recap,17,0.1152278,0.8305067,25.533083,0.0314431
RT-1,train_eps_00000007,recap,18,0.1204297,0.8294423,25.1060829,0.0283732
RT-1,train_eps_00000007,recap,19,0.117891,0.8347802,25.5087643,0.0270076
RT-1,train_eps_00000007,recap,20,0.1177684,0.830137,25.2909679,0.0295129
RT-1,train_eps_00000007,recap,21,0.1263037,0.8005879,24.7071171,0.0332627
RT-1,train_eps_00000007,recap,22,0.115684,0.8349937,24.9320107,0.0325344
RT-1,train_eps_00000007,recap,23,0.1175255,0.8334235,24.4529343,0.0293831
RT-1,train_eps_00000007,recap,24,0.1232553,0.8277214,23.6795063,0.0291971
RT-1,train_eps_00000007,recap,25,0.1375021,0.8051108,21.6669865,0.0351491
RT-1,train_eps_00000007,recap,26,0.1354934,0.8085271,21.7014122,0.034509
RT-1,train_eps_00000007,recap,27,0.1371816,0.8073367,21.3224373,0.0356057
RT-1,train_eps_00000007,recap,28,0.1389898,0.7993731,21.4938507,0.0362995
RT-1,train_eps_00000007,recap,29,0.1357831,0.8062155,22.1162586,0.0347305
RT-1,train_eps_00000007,recap,30,0.1353626,0.8106698,22.8344116,0.0328795
RT-1,train_eps_00000007,recap,31,0.1299103,0.8147779,23.3328419,0.0306936
RT-1,train_eps_00000007,recap,32,0.1309399,0.8126428,23.0681076,0.0317232
RT-1,train_eps_00000007,recap,33,0.1375029,0.8089512,22.3379517,0.0337967
RT-1,train_eps_00000007,recap,34,0.1501005,0.8050795,21.096962,0.038001
RT-1,train_eps_00000007,recap,35,0.163307,0.791674,20.0660782,0.0437632
RT-1,train_eps_00000007,recap,36,0.1790146,0.7689792,18.3176384,0.054979
RT-1,train_eps_00000007,recap,37,0.1778541,0.770688,18.3533688,0.0548336
RT-1,train_eps_00000007,recap,38,0.1709538,0.7772616,18.7177181,0.0511712
RT-1,train_eps_00000007,recap,39,0.1696467,0.7771885,19.6794624,0.0469888
RT-1,train_eps_00000007,recap,40,0.1615365,0.7888273,20.3915367,0.0426129
RT-1,train_eps_00000007,recap,41,0.1644473,0.7839308,20.2993317,0.0437415
RT-1,train_eps_00000007,recap,42,0.1524835,0.800944,21.0583,0.0397506
RT-1,train_eps_00000007,recap,43,0.1584626,0.7998508,21.0618362,0.0396973
RT-1,train_eps_00000007,recap,44,0.1577572,0.8005494,21.0775223,0.0393576
RT-1,train_eps_00000007,recap,45,0.1618041,0.7902637,21.0532684,0.0398559
RT-1,train_eps_00000007,recap,46,0.173206,0.7589229,20.6912651,0.0439202
RT-1,train_eps_00000007,recap,47,0.1870955,0.7395294,20.2449837,0.0508895
RT-1,train_eps_00000007,recap,48,0.185661,0.7468702,20.2603893,0.0497804
RT-1,train_eps_00000007,recap,49,0.186345,0.7466505,20.2560959,0.0497079
RT-1,train_eps_00000007,recap,50,0.1904971,0.7457353,20.1443291,0.0493888
RT-1,train_eps_00000007,recap,51,0.1826719,0.756187,19.8659706,0.0481596
RT-1,train_eps_00000007,recap,52,0.2068893,0.715786,19.5411854,0.0574151
RT-1,train_eps_00000007,recap,53,0.1813472,0.7570205,19.6590595,0.0531804
RT-1,train_eps_00000007,recap,54,0.1917827,0.7364248,20.0831509,0.0579399
RT-1,train_eps_00000007,recap,55,0.1817196,0.7581753,19.983654,0.0555281
RT-1,train_eps_00000007,recap,56,0.2014671,0.7333354,19.8192463,0.0566351
RT-1,train_eps_00000007,recap,57,0.1836888,0.7585056,19.9352245,0.0522653
RT-1,train_eps_00000007,recap,58,0.1873155,0.743449,19.8184643,0.0538515
RT-1,train_eps_00000007,recap,59,0.1873808,0.7496146,19.8598557,0.0544503
RT-1,train_eps_00000007,recap,60,0.1877315,0.7513904,19.7020493,0.055091
RT-1,train_eps_00000007,recap,61,0.1940175,0.7468993,19.3984795,0.0565252
RT-1,train_eps_00000007,recap,62,0.1891117,0.7410133,19.5022678,0.0584275
RT-1,train_eps_00000007,recap,63,0.1873785,0.7568287,19.6777306,0.05353
RT-1,train_eps_00000007,recap,64,0.1873285,0.7547154,19.926405,0.0539574
RT-1,train_eps_00000015,full_history,1,0.0967503,0.8529932,27.1639328,0.023338
RT-1,train_eps_00000015,full_history,2,0.1051474,0.8414804,24.6174316,0.0266402
RT-1,train_eps_00000015,full_history,3,0.1140789,0.8305229,23.6853867,0.0292397
RT-1,train_eps_00000015,full_history,4,0.1085563,0.8399702,24.9240894,0.02679
RT-1,train_eps_00000015,full_history,5,0.1106751,0.8359388,24.5862999,0.0271267
RT-1,train_eps_00000015,full_history,6,0.1131663,0.8398208,23.7746449,0.029751
RT-1,train_eps_00000015,full_history,7,0.1101439,0.841609,24.0363846,0.027706
RT-1,train_eps_00000015,full_history,8,0.1113755,0.8381558,24.3869438,0.0271161
RT-1,train_eps_00000015,full_history,9,0.115946,0.8186731,25.4804268,0.0278754
RT-1,train_eps_00000015,full_history,10,0.1152019,0.8134321,25.7822323,0.0293895
RT-1,train_eps_00000015,full_history,11,0.107477,0.8299693,25.5112076,0.0363021
RT-1,train_eps_00000015,full_history,12,0.1086451,0.8343256,25.8408527,0.0315063
RT-1,train_eps_00000015,full_history,13,0.1325226,0.7960007,22.9758739,0.0515369
RT-1,train_eps_00000015,full_history,14,0.1542037,0.7985339,21.959774,0.0487161
RT-1,train_eps_00000015,full_history,15,0.1773179,0.7699785,19.7170944,0.0602241
RT-1,train_eps_00000015,full_history,16,0.1833355,0.7573619,19.2632847,0.0648027
RT-1,train_eps_00000015,full_history,17,0.1829106,0.7722397,19.595211,0.0593598
RT-1,train_eps_00000015,full_history,18,0.1857988,0.7721487,20.3790894,0.0562317
RT-1,train_eps_00000015,full_history,19,0.1922659,0.7793567,20.4620628,0.0515482
RT-1,train_eps_00000015,full_history,20,0.1812026,0.7714002,21.0916939,0.0532306
RT-1,train_eps_00000015,full_history,21,0.1854742,0.7414974,21.1811066,0.0628063
RT-1,train_eps_00000015,full_history,22,0.1830737,0.7462357,21.2470169,0.0613308
RT-1,train_eps_00000015,full_history,23,0.1827757,0.759539,21.8051872,0.0531677
RT-1,train_eps_00000015,full_history,24,0.1744924,0.758306,21.743927,0.0549516
RT-1,train_eps_00000015,full_history,25,0.1575293,0.7837573,22.3243999,0.0416386
RT-1,train_eps_00000015,full_history,26,0.1652705,0.7587932,21.6627655,0.0450518
RT-1,train_eps_00000015,full_history,27,0.1728778,0.7369578,20.6177711,0.0497361
RT-1,train_eps_00000015,full_history,28,0.16604,0.7844797,20.4766693,0.0459953
RT-1,train_eps_00000015,full_history,29,0.1870593,0.7239839,19.8146687,0.0644092
RT-1,train_eps_00000015,full_history,30,0.1996661,0.7543033,18.894846,0.0573814
RT-1,train_eps_00000015,full_history,31,0.2012561,0.7424412,18.892313,0.0627758
RT-1,train_eps_00000015,full_history,32,0.2015597,0.7465101,18.2444859,0.0609521
RT-1,train_eps_00000015,full_history,33,0.2053631,0.7417072,18.0435181,0.0581816
RT-1,train_eps_00000015,full_history,34,0.2081963,0.7334691,19.5344334,0.0573127
RT-1,train_eps_00000015,full_history,35,0.2170516,0.7216774,18.9087791,0.0640943
RT-1,train_eps_00000015,full_history,36,0.2058846,0.7571007,18.7530518,0.0554054
RT-1,train_eps_00000015,full_history,37,0.2072237,0.753746,18.9027061,0.0553297
RT-1,train_eps_00000015,full_history,38,0.2052788,0.751166,19.2220516,0.0553075
RT-1,train_eps_00000015,full_history,39,0.1890068,0.7769299,18.7017117,0.0564958
RT-1,train_eps_00000015,full_history,40,0.1794841,0.7693879,19.8489475,0.0493551
RT-1,train_eps_00000015,full_history,41,0.1667657,0.7937082,20.6486492,0.0434245
RT-1,train_eps_00000015,full_history,42,0.1605777,0.8053721,20.9421272,0.0433389
RT-1,train_eps_00000015,full_history,43,0.1569167,0.8078166,21.7820759,0.0411238
RT-1,train_eps_00000015,full_history,44,0.1555852,0.8107069,21.8044662,0.0405847
RT-1,train_eps_00000015,full_history,45,0.1590541,0.8033243,21.6622372,0.0409436
RT-1,train_eps_00000015,full_history,46,0.1651229,0.7872055,21.2197037,0.046161
RT-1,train_eps_00000015,full_history,47,0.1689156,0.7703936,21.0366936,0.0489656
RT-1,train_eps_00000015,full_history,48,0.1568931,0.808306,21.7513485,0.0428894
RT-1,train_eps_00000015,full_history,49,0.1563508,0.80822,22.0237427,0.0418844
RT-1,train_eps_00000015,full_history,50,0.1562729,0.8049577,22.2274227,0.0410164
RT-1,train_eps_00000015,full_history,51,0.1516879,0.8114839,22.672657,0.0389783
RT-1,train_eps_00000015,full_history,52,0.1528916,0.8072873,22.9263573,0.0379937
RT-1,train_eps_00000015,full_history,53,0.1550588,0.8056788,23.1592255,0.0372573
RT-1,train_eps_00000015,full_history,54,0.1531326,0.8102188,23.3296032,0.0367352
RT-1,train_eps_00000015,full_history,55,0.153349,0.8092226,23.4804382,0.0361926
RT-1,train_eps_00000015,full_history,56,0.1521075,0.8103362,23.3938484,0.0369691
RT-1,train_eps_00000015,full_history,57,0.1500797,0.8173931,23.4640217,0.0360816
RT-1,train_eps_00000015,full_history,58,0.1486124,0.8182237,23.1657505,0.037284
RT-1,train_eps_00000015,full_history,59,0.1552565,0.8070979,23.3429527,0.0370783
RT-1,train_eps_00000015,full_history,60,0.1668342,0.7517515,22.0297699,0.0443565
RT-1,train_eps_00000015,full_history,61,0.1611848,0.7880961,22.704113,0.0410994
RT-1,train_eps_00000015,full_history,62,0.1557955,0.8137339,23.7490845,0.0357058
RT-1,train_eps_00000015,full_history,63,0.1506109,0.8033583,24.1145611,0.0368199
RT-1,train_eps_00000015,full_history,64,0.1485164,0.8156316,24.1523533,0.03585
RT-1,train_eps_00000015,recap,1,0.0967503,0.8529932,27.1639328,0.023338
RT-1,train_eps_00000015,recap,2,0.1051474,0.8414804,24.6174316,0.0266402
RT-1,train_eps_00000015,recap,3,0.1140789,0.8305229,23.6853867,0.0292397
RT-1,train_eps_00000015,recap,4,0.1085563,0.8399702,24.9240894,0.02679
RT-1,train_eps_00000015,recap,5,0.1106751,0.8359388,24.5862999,0.0271267
RT-1,train_eps_00000015,recap,6,0.1131663,0.8398208,23.7746449,0.029751
RT-1,train_eps_00000015,recap,7,0.1101439,0.841609,24.0363846,0.027706
RT-1,train_eps_00000015,recap,8,0.1113755,0.8381558,24.3869438,0.0271161
RT-1,train_eps_00000015,recap,9,0.1197619,0.8124765,24.4618759,0.0296511
RT-1,train_eps_00000015,recap,10,0.1215193,0.7981856,23.9916058,0.0330831
RT-1,train_eps_00000015,recap,11,0.1153547,0.8125052,23.8509007,0.0410229
RT-1,train_eps_00000015,recap,12,0.1170606,0.8183187,24.8267536,0.0344452
RT-1,train_eps_00000015,recap,13,0.1285461,0.8005394,23.2465668,0.0492106
RT-1,train_eps_00000015,recap,14,0.1309621,0.8204867,24.00173,0.0402745
RT-1,train_eps_00000015,recap,15,0.1407804,0.8074279,22.5529099,0.0440723
RT-1,train_eps_00000015,recap,16,0.1411564,0.7978967,22.0645714,0.046886
RT-1,train_eps_00000015,recap,17,0.1430441,0.8049957,21.9829216,0.0442986
RT-1,train_eps_00000015,recap,18,0.1521218,0.7984454,21.9509544,0.0439775
RT-1,train_eps_00000015,recap,19,0.1547468,0.7985088,22.4895973,0.0391478
RT-1,train_eps_00000015,recap,20,0.1470888,0.7989146,23.0005951,0.0437301
RT-1,train_eps_00000015,recap,21,0.1453362,0.7825566,21.9989681,0.0553953
RT-1,train_eps_00000015,recap,22,0.1476966,0.7832152,22.2056084,0.0543176
RT-1,train_eps_00000015,recap,23,0.1456922,0.7935072,22.9798927,0.0464852
RT-1,train_eps_00000015,recap,24,0.1452543,0.7940019,22.8182449,0.0495309
RT-1,train_eps_00000015,recap,25,0.1336415,0.8075429,23.1614094,0.0352836
RT-1,train_eps_00000015,recap,26,0.1450973,0.7802112,22.2148628,0.0393051
RT-1,train_eps_00000015,recap,27,0.1505928,0.7547659,22.0097542,0.0402768
RT-1,train_eps_00000015,recap,28,0.1493529,0.7857158,21.0766582,0.0403068
RT-1,train_eps_00000015,recap,29,0.1669947,0.7673968,20.3156128,0.0568235
RT-1,train_eps_00000015,recap,30,0.1786216,0.7756436,20.3419285,0.0436662
RT-1,train_eps_00000015,recap,31,0.1824919,0.7681852,19.7319164,0.0524904
RT-1,train_eps_00000015,recap,32,0.1801789,0.7717572,19.5579033,0.0503146
RT-1,train_eps_00000015,recap,33,0.1803723,0.7740619,19.1473751,0.0484849
RT-1,train_eps_00000015,recap,34,0.1846539,0.764002,19.5786419,0.0551468
RT-1,train_eps_00000015,recap,35,0.1933914,0.7557625,19.2834263,0.0602887
RT-1,train_eps_00000015,recap,36,0.1887499,0.7607768,19.1445847,0.0490474
RT-1,train_eps_00000015,recap,37,0.1901423,0.7631452,19.2222214,0.0487112
RT-1,train_eps_00000015,recap,38,0.1868544,0.7619584,19.3156605,0.050941
RT-1,train_eps_00000015,recap,39,0.1790324,0.7595958,19.099102,0.0538939
RT-1,train_eps_00000015,recap,40,0.1639189,0.7939512,19.9012928,0.0431973
RT-1,train_eps_00000015,recap,41,0.1520714,0.7990852,20.1796188,0.0402805
RT-1,train_eps_00000015,recap,42,0.1476699,0.7965655,20.621788,0.0409977
RT-1,train_eps_00000015,recap,43,0.1427201,0.8012209,21.4813786,0.0384348
RT-1,train_eps_00000015,recap,44,0.1421189,0.8048024,21.5146999,0.0378269
RT-1,train_eps_00000015,recap,45,0.1425682,0.8063026,21.4930153,0.0364004
RT-1,train_eps_00000015,recap,46,0.1460371,0.7942045,21.500679,0.0392895
RT-1,train_eps_00000015,recap,47,0.1497996,0.7720274,21.374033,0.0426186
RT-1,train_eps_00000015,recap,48,0.1398344,0.8102471,22.1478386,0.03676
RT-1,train_eps_00000015,recap,49,0.1385877,0.8111451,22.5132008,0.0358031
RT-1,train_eps_00000015,recap,50,0.139075,0.8129787,22.7579784,0.0341659
RT-1,train_eps_00000015,recap,51,0.134581,0.8168623,23.0412979,0.0326296
RT-1,train_eps_00000015,recap,52,0.1338414,0.8198566,23.389637,0.0307988
RT-1,train_eps_00000015,recap,53,0.1324541,0.8255868,23.7257977,0.0297777
RT-1,train_eps_00000015,recap,54,0.1312792,0.8259853,23.9485569,0.0291975
RT-1,train_eps_00000015,recap,55,0.132837,0.8257539,23.8846798,0.0292599
RT-1,train_eps_00000015,recap,56,0.1313952,0.8254916,23.8710976,0.0293568
RT-1,train_eps_00000015,recap,57,0.1312122,0.8268366,23.8828697,0.0292897
RT-1,train_eps_00000015,recap,58,0.128959,0.8248671,23.9126816,0.0300111
RT-1,train_eps_00000015,recap,59,0.1290167,0.8265304,23.8588371,0.0297788
RT-1,train_eps_00000015,recap,60,0.1444884,0.772346,22.4147053,0.0369072
RT-1,train_eps_00000015,recap,61,0.1399078,0.8032523,23.0275879,0.0338163
RT-1,train_eps_00000015,recap,62,0.1350318,0.8304699,24.3164597,0.0286817
RT-1,train_eps_00000015,recap,63,0.1321966,0.8323143,25.3633289,0.0282458
RT-1,train_eps_00000015,recap,64,0.1311588,0.8376801,25.4490452,0.027232
RT-1,train_eps_00000023,full_history,1,0.098458,0.8434996,26.3010235,0.0248431
RT-1,train_eps_00000023,full_history,2,0.1005626,0.8420781,26.6808586,0.0263722
RT-1,train_eps_00000023,full_history,3,0.1122951,0.8174273,25.8905869,0.028221
RT-1,train_eps_00000023,full_history,4,0.1038986,0.847319,27.0303249,0.0240313
RT-1,train_eps_00000023,full_history,5,0.1112123,0.8443748,25.7708569,0.027089
RT-1,train_eps_00000023,full_history,6,0.1117983,0.8444631,26.2186985,0.0278662
RT-1,train_eps_00000023,full_history,7,0.108562,0.8442888,26.4670525,0.0292592
RT-1,train_eps_00000023,full_history,8,0.1197955,0.8273331,24.3317127,0.0361878
RT-1,train_eps_00000023,full_history,9,0.1277313,0.8309696,23.890131,0.0319745
RT-1,train_eps_00000023,full_history,10,0.1417699,0.8264092,23.1044884,0.0331067
RT-1,train_eps_00000023,full_history,11,0.1640412,0.8070543,21.2230206,0.0421235
RT-1,train_eps_00000023,full_history,12,0.1626865,0.8055989,20.9100609,0.0401747
RT-1,train_eps_00000023,full_history,13,0.1610156,0.800292,20.6809788,0.0407084
RT-1,train_eps_00000023,full_history,14,0.1593058,0.800397,21.0433121,0.0418041
RT-1,train_eps_00000023,full_history,15,0.1565254,0.8080698,21.5043335,0.0405257
RT-1,train_eps_00000023,full_history,16,0.1687664,0.79646,20.1834793,0.0454797
RT-1,train_eps_00000023,full_history,17,0.1716732,0.7968355,20.1023483,0.0461094
RT-1,train_eps_00000023,full_history,18,0.1655324,0.8075438,22.3376884,0.040146
RT-1,train_eps_00000023,full_history,19,0.1663644,0.8023535,22.741415,0.0401622
RT-1,train_eps_00000023,full_history,20,0.1634717,0.8059668,22.4476395,0.0409336
RT-1,train_eps_00000023,full_history,21,0.1605013,0.8099222,22.6175423,0.0409794
RT-1,train_eps_00000023,full_history,22,0.162796,0.8037932,22.4793148,0.0426071
RT-1,train_eps_00000023,full_history,23,0.167233,0.7990294,22.2847767,0.0433316
RT-1,train_eps_00000023,full_history,24,0.1711464,0.799435,21.8562775,0.0448941
RT-1,train_eps_00000023,full_history,25,0.168256,0.800778,21.9590206,0.044862
RT-1,train_eps_00000023,full_history,26,0.1693279,0.7953526,21.9796944,0.0460559
RT-1,train_eps_00000023,full_history,27,0.1670582,0.7987847,22.5008583,0.0443136
RT-1,train_eps_00000023,full_history,28,0.1666935,0.7984446,22.662775,0.0439812
RT-1,train_eps_00000023,full_history,29,0.1674246,0.8002087,22.9822998,0.0432973
RT-1,train_eps_00000023,full_history,30,0.1719016,0.7946205,22.7425194,0.0454802
RT-1,train_eps_00000023,full_history,31,0.1763305,0.7903638,23.5798531,0.0435809
RT-1,train_eps_00000023,full_history,32,0.184511,0.7932636,23.5013218,0.0424858
RT-1,train_eps_00000023,full_history,33,0.1918918,0.7941539,22.8629723,0.0440013
RT-1,train_eps_00000023,full_history,34,0.2010002,0.7776543,22.1583672,0.0475146
RT-1,train_eps_00000023,full_history,35,0.1979536,0.7713084,21.9292908,0.0505994
RT-1,train_eps_00000023,full_history,36,0.1979422,0.7783887,21.9439659,0.0467727
RT-1,train_eps_00000023,full_history,37,0.1999454,0.773034,21.7470379,0.0480883
RT-1,train_eps_00000023,full_history,38,0.203489,0.7636096,21.5953655,0.0501926
RT-1,train_eps_00000023,full_history,39,0.2063501,0.7641492,21.326086,0.0505355
RT-1,train_eps_00000023,full_history,40,0.2095244,0.7552735,20.49119,0.0548435
RT-1,train_eps_00000023,full_history,41,0.2103553,0.7526824,20.4407387,0.0541447
RT-1,train_eps_00000023,full_history,42,0.2116463,0.7436925,20.4727287,0.0573294
RT-1,train_eps_00000023,full_history,43,0.2104684,0.7437007,20.5057144,0.0583417
RT-1,train_eps_00000023,full_history,44,0.2074346,0.7420434,20.1946468,0.0581317
RT-1,train_eps_00000023,full_history,45,0.2007256,0.7587537,20.2732468,0.0550096
RT-1,train_eps_00000023,full_history,46,0.2003367,0.7629207,20.2256966,0.0542159
RT-1,train_eps_00000023,full_history,47,0.2039784,0.7494571,19.5403976,0.0575811
RT-1,train_eps_00000023,full_history,48,0.2020446,0.749922,19.1974468,0.0594627
RT-1,train_eps_00000023,full_history,49,0.2198088,0.7073451,18.7033634,0.065565
RT-1,train_eps_00000023,full_history,50,0.2199555,0.7179591,18.8615189,0.0628648
RT-1,train_eps_00000023,full_history,51,0.2236077,0.7154037,19.092905,0.0606952
RT-1,train_eps_00000023,full_history,52,0.2206195,0.7259398,19.4309406,0.0584931
RT-1,train_eps_00000023,full_history,53,0.2260783,0.7318581,19.4202785,0.0568205
RT-1,train_eps_00000023,full_history,54,0.2282981,0.7256554,19.368885,0.057535
RT-1,train_eps_00000023,full_history,55,0.2184645,0.7428951,19.8069115,0.0548438
RT-1,train_eps_00000023,full_history,56,0.2345371,0.6960109,19.0418453,0.0621484
RT-1,train_eps_00000023,full_history,57,0.2220986,0.734425,19.5314159,0.0568237
RT-1,train_eps_00000023,full_history,58,0.2163652,0.7427937,18.9191036,0.0611015
RT-1,train_eps_00000023,full_history,59,0.2236284,0.7204791,18.8440628,0.0633959
RT-1,train_eps_00000023,full_history,60,0.220435,0.7379249,18.8525124,0.0625671
RT-1,train_eps_00000023,full_history,61,0.2231793,0.7360737,18.7146835,0.0627616
RT-1,train_eps_00000023,full_history,62,0.2221524,0.7361961,18.9197197,0.0601788
RT-1,train_eps_00000023,full_history,63,0.2244486,0.734926,18.9294472,0.0600786
RT-1,train_eps_00000023,full_history,64,0.2233471,0.7396224,18.9733944,0.0596841
RT-1,train_eps_00000023,recap,1,0.098458,0.8434996,26.3010235,0.0248431
RT-1,train_eps_00000023,recap,2,0.1005626,0.8420781,26.6808586,0.0263722
RT-1,train_eps_00000023,recap,3,0.1122951,0.8174273,25.8905869,0.028221
RT-1,train_eps_00000023,recap,4,0.1038986,0.847319,27.0303249,0.0240313
RT-1,train_eps_00000023,recap,5,0.1112123,0.8443748,25.7708569,0.027089
RT-1,train_eps_00000023,recap,6,0.1117983,0.8444631,26.2186985,0.0278662
RT-1,train_eps_00000023,recap,7,0.108562,0.8442888,26.4670525,0.0292592
RT-1,train_eps_00000023,recap,8,0.121991,0.8246219,23.7226658,0.0366854
RT-1,train_eps_00000023,recap,9,0.1281138,0.8319913,23.689518,0.0322049
RT-1,train_eps_00000023,recap,10,0.1335611,0.8292748,23.4618797,0.0322617
RT-1,train_eps_00000023,recap,11,0.1406116,0.8256301,22.4935436,0.0354098
RT-1,train_eps_00000023,recap,12,0.1351951,0.8280594,23.4016075,0.0313618
RT-1,train_eps_00000023,recap,13,0.1313946,0.8317611,24.6236897,0.0287692
RT-1,train_eps_00000023,recap,14,0.1295453,0.8349678,25.1486187,0.0282808
RT-1,train_eps_00000023,recap,15,0.1204216,0.8378518,25.9642124,0.025838
RT-1,train_eps_00000023,recap,16,0.1274226,0.8289312,25.3225288,0.0273913
RT-1,train_eps_00000023,recap,17,0.1229368,0.8419411,26.7831059,0.0248481
RT-1,train_eps_00000023,recap,18,0.1235256,0.8353694,26.2654495,0.0263411
RT-1,train_eps_00000023,recap,19,0.1297167,0.8231741,25.6944618,0.0286485
RT-1,train_eps_00000023,recap,20,0.1269942,0.8306891,26.0053978,0.0273079
RT-1,train_eps_00000023,recap,21,0.1308641,0.8297673,26.1222572,0.0272416
RT-1,train_eps_00000023,recap,22,0.1280377,0.8302592,25.6819038,0.0272718
RT-1,train_eps_00000023,recap,23,0.1326447,0.8261942,26.0978813,0.0279761
RT-1,train_eps_00000023,recap,24,0.1398177,0.8272225,25.5271435,0.0285194
RT-1,train_eps_00000023,recap,25,0.1372972,0.8260544,25.6478691,0.0284783
RT-1,train_eps_00000023,recap,26,0.1357297,0.8250827,25.4116936,0.0285484
RT-1,train_eps_00000023,recap,27,0.1311931,0.8296568,25.9964008,0.0275007
RT-1,train_eps_00000023,recap,28,0.1350962,0.8262762,26.202858,0.0277268
RT-1,train_eps_00000023,recap,29,0.134809,0.831836,26.3514862,0.0269615
RT-1,train_eps_00000023,recap,30,0.1356908,0.8338336,26.3766975,0.0271182
RT-1,train_eps_00000023,recap,31,0.1381267,0.8322465,25.8787899,0.028146
RT-1,train_eps_00000023,recap,32,0.1465412,0.8308975,24.7024651,0.0313555
RT-1,train_eps_00000023,recap,33,0.1565789,0.8208858,23.5461445,0.0347357
RT-1,train_eps_00000023,recap,34,0.1661484,0.8044828,22.467001,0.0381557
RT-1,train_eps_00000023,recap,35,0.1685678,0.8016374,22.2468681,0.0376974
RT-1,train_eps_00000023,recap,36,0.1745309,0.78692,21.7321129,0.0416888
RT-1,train_eps_00000023,recap,37,0.1766955,0.7832521,21.5412998,0.0428103
RT-1,train_eps_00000023,recap,38,0.1843398,0.782995,21.393795,0.0426841
RT-1,train_eps_00000023,recap,39,0.1987086,0.7548855,20.5746384,0.0471189
RT-1,train_eps_00000023,recap,40,0.2143876,0.7370766,19.4310875,0.052999
RT-1,train_eps_00000023,recap,41,0.2158248,0.7336321,19.3099785,0.0542313
RT-1,train_eps_00000023,recap,42,0.2149856,0.7401485,19.5230637,0.053037
RT-1,train_eps_00000023,recap,43,0.2183747,0.7382066,19.6411819,0.0532879
RT-1,train_eps_00000023,recap,44,0.2192937,0.7281746,19.2312069,0.055117
RT-1,train_eps_00000023,recap,45,0.2165859,0.736156,19.2418118,0.0533458
RT-1,train_eps_00000023,recap,46,0.2168628,0.7355171,19.1874142,0.0538281
RT-1,train_eps_00000023,recap,47,0.2266757,0.717814,18.4681149,0.0593106
RT-1,train_eps_00000023,recap,48,0.2292764,0.7184893,18.2536716,0.0601195
RT-1,train_eps_00000023,recap,49,0.2287431,0.7119522,18.292326,0.0597727
RT-1,train_eps_00000023,recap,50,0.2265545,0.7174275,18.4946747,0.0584473
RT-1,train_eps_00000023,recap,51,0.2281756,0.7088311,18.8150387,0.0572086
RT-1,train_eps_00000023,recap,52,0.2153779,0.7294474,19.5204315,0.0520555
RT-1,train_eps_00000023,recap,53,0.2040375,0.7354648,19.6013184,0.0513459
RT-1,train_eps_00000023,recap,54,0.2042009,0.7326645,19.5766373,0.0515121
RT-1,train_eps_00000023,recap,55,0.198882,0.7372214,20.0701256,0.0518474
RT-1,train_eps_00000023,recap,56,0.2137665,0.6939072,19.2380943,0.0589981
RT-1,train_eps_00000023,recap,57,0.1989887,0.7368539,19.8198147,0.0533256
RT-1,train_eps_00000023,recap,58,0.2032482,0.7325835,19.1710453,0.06165
RT-1,train_eps_00000023,recap,59,0.2081732,0.7113286,19.0870991,0.063395
RT-1,train_eps_00000023,recap,60,0.2023872,0.7324595,19.223093,0.0615335
RT-1,train_eps_00000023,recap,61,0.203405,0.7335165,19.2617779,0.0606999
RT-1,train_eps_00000023,recap,62,0.2023615,0.7351399,19.3614559,0.0586643
RT-1,train_eps_00000023,recap,63,0.2217952,0.7014389,19.1769352,0.0614312
RT-1,train_eps_00000023,recap,64,0.2203588,0.7023376,19.1038914,0.0627512
RT-1,train_eps_00000048,full_history,1,0.07095,0.8895326,29.3564796,0.0202404
RT-1,train_eps_00000048,full_history,2,0.0992913,0.85309,25.1415825,0.0284571
RT-1,train_eps_00000048,full_history,3,0.0935196,0.8584219,26.7551193,0.0225252
RT-1,train_eps_00000048,full_history,4,0.1063815,0.845495,25.6926689,0.0270431
RT-1,train_eps_00000048,full_history,5,0.1102979,0.8467952,23.8348389,0.0276091
RT-1,train_eps_00000048,full_history,6,0.1123158,0.8443879,23.5949306,0.028201
RT-1,train_eps_00000048,full_history,7,0.1163712,0.8406472,23.6694698,0.0315835
RT-1,train_eps_00000048,full_history,8,0.1203613,0.8302705,23.9482021,0.0310618
RT-1,train_eps_00000048,full_history,9,0.1176799,0.8418314,24.3336391,0.0293198
RT-1,train_eps_00000048,full_history,10,0.1151427,0.8432981,24.7409935,0.0275919
RT-1,train_eps_00000048,full_history,11,0.1217063,0.8443795,24.6413136,0.027749
RT-1,train_eps_00000048,full_history,12,0.1280177,0.8384796,24.9242897,0.0284378
RT-1,train_eps_00000048,full_history,13,0.133278,0.838236,24.9765472,0.0316544
RT-1,train_eps_00000048,full_history,14,0.1394148,0.8357459,24.4727306,0.0323996
RT-1,train_eps_00000048,full_history,15,0.1517532,0.8220246,23.7963333,0.0341497
RT-1,train_eps_00000048,full_history,16,0.1552995,0.8191772,23.5626602,0.0348834
RT-1,train_eps_00000048,full_history,17,0.1641742,0.8045484,23.612215,0.0371651
RT-1,train_eps_00000048,full_history,18,0.2057201,0.7211112,21.9198112,0.0464906
RT-1,train_eps_00000048,full_history,19,0.198562,0.7687073,22.2354603,0.0435804
RT-1,train_eps_00000048,full_history,20,0.1952649,0.7666191,22.3279076,0.0431491
RT-1,train_eps_00000048,full_history,21,0.2134558,0.6915429,21.3655167,0.0497648
RT-1,train_eps_00000048,full_history,22,0.1868372,0.7783853,22.6940002,0.0413107
RT-1,train_eps_00000048,full_history,23,0.1866393,0.7780555,22.5506306,0.0435174
RT-1,train_eps_00000048,full_history,24,0.1867456,0.778718,22.5281982,0.0438445
RT-1,train_eps_00000048,full_history,25,0.1785677,0.7915556,22.77771,0.0398765
RT-1,train_eps_00000048,full_history,26,0.1854519,0.7745846,22.517683,0.0417946
RT-1,train_eps_00000048,full_history,27,0.1875471,0.7735273,22.4816685,0.0422111
RT-1,train_eps_00000048,full_history,28,0.2003356,0.7562394,21.897934,0.04848
RT-1,train_eps_00000048,full_history,29,0.2224321,0.7314413,21.380146,0.0519297
RT-1,train_eps_00000048,full_history,30,0.2035734,0.759213,21.8659019,0.0484301
RT-1,train_eps_00000048,full_history,31,0.2010903,0.7541395,22.1882343,0.048299
RT-1,train_eps_00000048,full_history,32,0.1891964,0.764383,22.61553,0.0458472
RT-1,train_eps_00000048,full_history,33,0.1941584,0.7568642,22.0226307,0.0470349
RT-1,train_eps_00000048,full_history,34,0.227749,0.7349366,21.212923,0.0507632
RT-1,train_eps_00000048,full_history,35,0.2320121,0.7308067,21.3431664,0.0508749
RT-1,train_eps_00000048,full_history,36,0.237173,0.7130865,21.3243523,0.0516708
RT-1,train_eps_00000048,full_history,37,0.2375427,0.7131315,21.346323,0.0508378
RT-1,train_eps_00000048,full_history,38,0.2428243,0.7072741,21.2070675,0.0519123
RT-1,train_eps_00000048,full_history,39,0.2365717,0.706997,21.3209114,0.050843
RT-1,train_eps_00000048,full_history,40,0.2296795,0.7378377,21.7082615,0.0491933
RT-1,train_eps_00000048,full_history,41,0.2510527,0.6606321,20.6120319,0.0561248
RT-1,train_eps_00000048,full_history,42,0.2321677,0.7252137,21.392437,0.0504863
RT-1,train_eps_00000048,full_history,43,0.2301915,0.7286304,21.4246349,0.050322
RT-1,train_eps_00000048,full_history,44,0.2300482,0.7239984,21.5111809,0.0501526
RT-1,train_eps_00000048,full_history,45,0.2337092,0.7228687,21.4566307,0.0508723
RT-1,train_eps_00000048,full_history,46,0.2345254,0.7235759,21.4666767,0.0509234
RT-1,train_eps_00000048,full_history,47,0.2268909,0.7388272,21.7856636,0.0486493
RT-1,train_eps_00000048,full_history,48,0.2286012,0.7403522,21.5943928,0.0482065
RT-1,train_eps_00000048,full_history,49,0.2281289,0.7412917,21.5990086,0.0484977
RT-1,train_eps_00000048,full_history,50,0.2200646,0.751034,22.1128368,0.0460296
RT-1,train_eps_00000048,full_history,51,0.2111965,0.760372,22.6160984,0.0439133
RT-1,train_eps_00000048,full_history,52,0.2123626,0.7582545,22.2541313,0.0459719
RT-1,train_eps_00000048,full_history,53,0.2128564,0.757071,22.2472744,0.0465483
RT-1,train_eps_00000048,full_history,54,0.2135279,0.753916,22.2331257,0.0469614
RT-1,train_eps_00000048,full_history,55,0.2209434,0.7293382,21.8520565,0.0497399
RT-1,train_eps_00000048,full_history,56,0.2185787,0.7457218,22.1101971,0.0475124
RT-1,train_eps_00000048,full_history,57,0.2205274,0.7500177,22.1027718,0.0478216
RT-1,train_eps_00000048,full_history,58,0.220821,0.7427985,21.9969845,0.0481956
RT-1,train_eps_00000048,full_history,59,0.2230508,0.7420202,21.9201775,0.0484516
RT-1,train_eps_00000048,full_history,60,0.2248418,0.7390412,21.7647057,0.0497426
RT-1,train_eps_00000048,full_history,61,0.2358169,0.7105045,21.4093571,0.0534823
RT-1,train_eps_00000048,full_history,62,0.22682,0.7284178,21.7143517,0.0501634
RT-1,train_eps_00000048,full_history,63,0.2254425,0.733696,21.6631603,0.0507714
RT-1,train_eps_00000048,full_history,64,0.2298378,0.7168841,21.562891,0.0519493
RT-1,train_eps_00000048,recap,1,0.0703971,0.8904907,29.4436283,0.0200758
RT-1,train_eps_00000048,recap,2,0.0847785,0.8671781,27.0538177,0.025574
RT-1,train_eps_00000048,recap,3,0.0902862,0.8635445,25.9925613,0.0241281
RT-1,train_eps_00000048,recap,4,0.0933667,0.8560561,27.1666908,0.0236936
RT-1,train_eps_00000048,recap,5,0.114217,0.8427377,22.925642,0.0297224
RT-1,train_eps_00000048,recap,6,0.1152405,0.8413209,22.8087273,0.0300203
RT-1,train_eps_00000048,recap,7,0.1117513,0.8419459,23.5231228,0.0321664
RT-1,train_eps_00000048,recap,8,0.113499,0.8355892,24.2579117,0.0301623
RT-1,train_eps_00000048,recap,9,0.1084951,0.8436115,24.6833515,0.0287188
RT-1,train_eps_00000048,recap,10,0.1019258,0.8450325,25.0652599,0.027147
RT-1,train_eps_00000048,recap,11,0.0972681,0.8522025,25.128788,0.0262371
RT-1,train_eps_00000048,recap,12,0.1009075,0.8492967,25.3848152,0.0262538
RT-1,train_eps_00000048,recap,13,0.0999881,0.8547122,26.0785789,0.0267472
RT-1,train_eps_00000048,recap,14,0.0955779,0.8629423,26.7383747,0.0245351
RT-1,train_eps_00000048,recap,15,0.0929106,0.8616433,26.803421,0.0243138
RT-1,train_eps_00000048,recap,16,0.0930825,0.8582806,26.4259949,0.0242652
RT-1,train_eps_00000048,recap,17,0.1100965,0.8461918,26.0088902,0.026277
RT-1,train_eps_00000048,recap,18,0.1281083,0.7732409,24.3269939,0.0322501
RT-1,train_eps_00000048,recap,19,0.1216883,0.8152418,25.2208138,0.0289294
RT-1,train_eps_00000048,recap,20,0.124586,0.8150012,25.4259911,0.0296442
RT-1,train_eps_00000048,recap,21,0.1594841,0.7257683,22.7945728,0.0425016
RT-1,train_eps_00000048,recap,22,0.1351279,0.8101759,24.8145657,0.0319069
RT-1,train_eps_00000048,recap,23,0.1335247,0.8146647,24.9396019,0.0311445
RT-1,train_eps_00000048,recap,24,0.1330275,0.8147901,24.9489899,0.0312178
RT-1,train_eps_00000048,recap,25,0.1470042,0.7991715,24.3151703,0.0338706
RT-1,train_eps_00000048,recap,26,0.150226,0.7897177,24.116642,0.0352705
RT-1,train_eps_00000048,recap,27,0.1477398,0.7942575,24.0074272,0.0356374
RT-1,train_eps_00000048,recap,28,0.1421303,0.8150931,24.6609993,0.0318114
RT-1,train_eps_00000048,recap,29,0.1713441,0.7613133,22.6024265,0.040313
RT-1,train_eps_00000048,recap,30,0.1522639,0.801213,23.4987736,0.0346725
RT-1,train_eps_00000048,recap,31,0.1567101,0.8020485,23.8403168,0.0347984
RT-1,train_eps_00000048,recap,32,0.1478555,0.8121498,24.1696129,0.0335629
RT-1,train_eps_00000048,recap,33,0.1436158,0.8162317,24.3226337,0.0324044
RT-1,train_eps_00000048,recap,34,0.156121,0.7872209,22.7494698,0.0380908
RT-1,train_eps_00000048,recap,35,0.1611103,0.8040454,22.891119,0.0375614
RT-1,train_eps_00000048,recap,36,0.1711942,0.7824479,22.4097481,0.0405337
RT-1,train_eps_00000048,recap,37,0.1716114,0.7772851,22.3306561,0.0408499
RT-1,train_eps_00000048,recap,38,0.1806107,0.760591,21.8017693,0.0435947
RT-1,train_eps_00000048,recap,39,0.1822236,0.7539366,21.6050911,0.0457064
RT-1,train_eps_00000048,recap,40,0.1714139,0.789217,22.2400551,0.0399168
RT-1,train_eps_00000048,recap,41,0.1966722,0.7053145,20.8860188,0.0500232
RT-1,train_eps_00000048,recap,42,0.1768848,0.767274,21.806078,0.0446094
RT-1,train_eps_00000048,recap,43,0.1774287,0.7716444,21.831852,0.0430412
RT-1,train_eps_00000048,recap,44,0.1778096,0.7700837,21.7988873,0.0431065
RT-1,train_eps_00000048,recap,45,0.178568,0.7707396,21.73423,0.0435558
RT-1,train_eps_00000048,recap,46,0.1799069,0.769127,21.7114029,0.0434282
RT-1,train_eps_00000048,recap,47,0.1795541,0.7766713,21.6850758,0.0431835
RT-1,train_eps_00000048,recap,48,0.1809217,0.7747105,21.7355118,0.0436317
RT-1,train_eps_00000048,recap,49,0.1820826,0.7715117,21.6561985,0.044849
RT-1,train_eps_00000048,recap,50,0.191545,0.7713046,21.3138371,0.0452002
RT-1,train_eps_00000048,recap,51,0.1936212,0.7563635,21.3225975,0.047288
RT-1,train_eps_00000048,recap,52,0.1909343,0.7610035,21.2270374,0.0470392
RT-1,train_eps_00000048,recap,53,0.1851766,0.7610277,21.318428,0.0469034
RT-1,train_eps_00000048,recap,54,0.1840875,0.7635213,21.6913223,0.0449138
RT-1,train_eps_00000048,recap,55,0.1940504,0.7333101,21.2331486,0.0487463
RT-1,train_eps_00000048,recap,56,0.1837155,0.7599373,21.7337303,0.0438711
RT-1,train_eps_00000048,recap,57,0.1784052,0.7733427,21.995142,0.0421104
RT-1,train_eps_00000048,recap,58,0.174569,0.7769276,22.1201229,0.041077
RT-1,train_eps_00000048,recap,59,0.1679254,0.7829289,22.3643951,0.0391549
RT-1,train_eps_00000048,recap,60,0.1627531,0.7901224,22.5784302,0.0376718
RT-1,train_eps_00000048,recap,61,0.1789216,0.7475351,21.9523315,0.0438408
RT-1,train_eps_00000048,recap,62,0.1519736,0.7928863,23.3820419,0.035199
RT-1,train_eps_00000048,recap,63,0.1511053,0.795486,23.4706154,0.0350456
RT-1,train_eps_00000048,recap,64,0.1676285,0.7507367,22.6090851,0.0411972
RT-1,train_eps_00000049,full_history,1,0.1208004,0.8503117,24.3366909,0.0269089
RT-1,train_eps_00000049,full_history,2,0.1316319,0.8382689,24.8865242,0.0279255
RT-1,train_eps_00000049,full_history,3,0.139925,0.8367444,24.5575695,0.0287384
RT-1,train_eps_00000049,full_history,4,0.1497106,0.8285972,22.945137,0.0321518
RT-1,train_eps_00000049,full_history,5,0.1466344,0.8237059,22.8519554,0.0323126
RT-1,train_eps_00000049,full_history,6,0.1450167,0.8245086,23.0691833,0.0321509
RT-1,train_eps_00000049,full_history,7,0.1454877,0.8222936,22.0714931,0.0332821
RT-1,train_eps_00000049,full_history,8,0.1562945,0.8087472,20.8473396,0.0407359
RT-1,train_eps_00000049,full_history,9,0.1650905,0.8057228,20.1803703,0.0421423
RT-1,train_eps_00000049,full_history,10,0.1594004,0.8020407,19.4953651,0.0475236
RT-1,train_eps_00000049,full_history,11,0.1667604,0.8014695,19.27981,0.0466436
RT-1,train_eps_00000049,full_history,12,0.1753397,0.7969985,19.0526981,0.0475459
RT-1,train_eps_00000049,full_history,13,0.1872039,0.7780017,18.8266621,0.0500234
RT-1,train_eps_00000049,full_history,14,0.1827915,0.7885718,18.9119015,0.0536717
RT-1,train_eps_00000049,full_history,15,0.1836165,0.780117,18.4031487,0.0585332
RT-1,train_eps_00000049,full_history,16,0.1911572,0.7739713,18.2232838,0.0583217
RT-1,train_eps_00000049,full_history,17,0.1910652,0.7769552,17.4565277,0.0624034
RT-1,train_eps_00000049,full_history,18,0.192264,0.7819544,17.7846603,0.0591842
RT-1,train_eps_00000049,full_history,19,0.1888073,0.7867581,17.7486992,0.0593973
RT-1,train_eps_00000049,full_history,20,0.176564,0.7831269,19.5749264,0.0595308
RT-1,train_eps_00000049,full_history,21,0.1747459,0.7785438,20.039444,0.0594316
RT-1,train_eps_00000049,full_history,22,0.1734108,0.7855209,20.2358742,0.0574986
RT-1,train_eps_00000049,full_history,23,0.1803683,0.7663711,20.0814552,0.0634737
RT-1,train_eps_00000049,full_history,24,0.1844202,0.7548237,19.8337841,0.0655802
RT-1,train_eps_00000049,full_history,25,0.1823012,0.771229,19.9984055,0.0624501
RT-1,train_eps_00000049,full_history,26,0.1802698,0.7723081,20.1896381,0.0616824
RT-1,train_eps_00000049,full_history,27,0.174063,0.7773381,20.2960129,0.0611706
RT-1,train_eps_00000049,full_history,28,0.1717647,0.765326,20.1392822,0.0649879
RT-1,train_eps_00000049,full_history,29,0.1645679,0.7768258,20.542944,0.0622114
RT-1,train_eps_00000049,full_history,30,0.171827,0.7724305,20.5576057,0.0621541
RT-1,train_eps_00000049,full_history,31,0.1726294,0.7889674,20.9399757,0.0575254
RT-1,train_eps_00000049,full_history,32,0.164942,0.7930928,21.2838135,0.055138
RT-1,train_eps_00000049,full_history,33,0.1662948,0.8050227,21.7492638,0.0504832
RT-1,train_eps_00000049,full_history,34,0.1743597,0.7822418,20.9847469,0.0553376
RT-1,train_eps_00000049,full_history,35,0.1828302,0.7598575,20.3659744,0.0589683
RT-1,train_eps_00000049,full_history,36,0.2023592,0.7115318,18.908453,0.0728286
RT-1,train_eps_00000049,full_history,37,0.2116273,0.6876265,18.3993568,0.078868
RT-1,train_eps_00000049,full_history,38,0.2207293,0.68857,17.8969402,0.0789769
RT-1,train_eps_00000049,full_history,39,0.2251979,0.7272976,18.286808,0.0700045
RT-1,train_eps_00000049,full_history,40,0.2340738,0.7292867,18.5538902,0.0669303
RT-1,train_eps_00000049,full_history,41,0.2321417,0.7305452,18.5403214,0.0670696
RT-1,train_eps_00000049,full_history,42,0.2375349,0.7260504,18.5769501,0.0664938
RT-1,train_eps_00000049,full_history,43,0.2434521,0.6994085,18.1035557,0.0740986
RT-1,train_eps_00000049,full_history,44,0.2455238,0.6910606,17.7129078,0.0791804
RT-1,train_eps_00000049,full_history,45,0.2537103,0.6906812,17.832058,0.0767602
RT-1,train_eps_00000049,full_history,46,0.2603715,0.6675775,17.4692612,0.082496
RT-1,train_eps_00000049,full_history,47,0.2621543,0.6874503,17.8068428,0.0767443
RT-1,train_eps_00000049,full_history,48,0.2667435,0.6871715,17.6905518,0.0771346
RT-1,train_eps_00000049,full_history,49,0.2666118,0.6961439,17.5161877,0.0752696
RT-1,train_eps_00000049,full_history,50,0.2703538,0.702277,17.2491283,0.0746407
RT-1,train_eps_00000049,full_history,51,0.2685618,0.7020862,17.075119,0.075422
RT-1,train_eps_00000049,full_history,52,0.2712473,0.6969543,17.0117855,0.0763613
RT-1,train_eps_00000049,full_history,53,0.2700776,0.6993987,17.1446877,0.0747672
RT-1,train_eps_00000049,full_history,54,0.270435,0.702911,17.0820694,0.0738961
RT-1,train_eps_00000049,full_history,55,0.2734113,0.6774881,17.1602974,0.0798272
RT-1,train_eps_00000049,full_history,56,0.2732277,0.6778753,17.554821,0.0764469
RT-1,train_eps_00000049,full_history,57,0.2685298,0.6810471,17.9711723,0.0733847
RT-1,train_eps_00000049,full_history,58,0.2695643,0.6809389,17.9838161,0.0733333
RT-1,train_eps_00000049,full_history,59,0.2671844,0.6822678,18.4501934,0.0702522
RT-1,train_eps_00000049,full_history,60,0.2566126,0.7106452,19.1371956,0.0627311
RT-1,train_eps_00000049,full_history,61,0.2507409,0.7226503,19.7797241,0.0585722
RT-1,train_eps_00000049,full_history,62,0.2535937,0.7189448,19.6631641,0.0610191
RT-1,train_eps_00000049,full_history,63,0.2510498,0.7248078,19.6931438,0.0596548
RT-1,train_eps_00000049,full_history,64,0.2523481,0.7192456,19.5721073,0.0614643
RT-1,train_eps_00000049,recap,1,0.1209879,0.8502303,24.3336086,0.0269211
RT-1,train_eps_00000049,recap,2,0.1318738,0.8378084,24.8724403,0.027992
RT-1,train_eps_00000049,recap,3,0.1396929,0.8369656,24.616003,0.028637
RT-1,train_eps_00000049,recap,4,0.1498419,0.8286977,22.9431171,0.0321476
RT-1,train_eps_00000049,recap,5,0.1463864,0.8236433,22.8237629,0.0323321
RT-1,train_eps_00000049,recap,6,0.1445315,0.8243797,23.0367489,0.0321945
RT-1,train_eps_00000049,recap,7,0.1466408,0.8226298,22.1061306,0.0332017
RT-1,train_eps_00000049,recap,8,0.156477,0.8068846,20.7874908,0.0412209
RT-1,train_eps_00000049,recap,9,0.1652305,0.8061125,20.1292953,0.0421841
RT-1,train_eps_00000049,recap,10,0.1671206,0.7996808,19.1389217,0.0474572
RT-1,train_eps_00000049,recap,11,0.1694435,0.8004392,18.8743744,0.0469985
RT-1,train_eps_00000049,recap,12,0.1691955,0.8024042,18.8807869,0.0463774
RT-1,train_eps_00000049,recap,13,0.1809565,0.7826889,18.7597771,0.0482629
RT-1,train_eps_00000049,recap,14,0.1712652,0.8058425,19.1836529,0.0457426
RT-1,train_eps_00000049,recap,15,0.1708687,0.8061329,19.1037254,0.0467998
RT-1,train_eps_00000049,recap,16,0.1657724,0.8115115,19.0308037,0.0462073
RT-1,train_eps_00000049,recap,17,0.1530159,0.8241893,19.6176205,0.0430177
RT-1,train_eps_00000049,recap,18,0.1548066,0.822752,19.5983315,0.0421638
RT-1,train_eps_00000049,recap,19,0.1499499,0.827583,19.9187622,0.0409441
RT-1,train_eps_00000049,recap,20,0.1481863,0.8387546,20.2967606,0.0430442
RT-1,train_eps_00000049,recap,21,0.1485232,0.8390255,20.7666035,0.0417301
RT-1,train_eps_00000049,recap,22,0.1479244,0.8418224,20.9725533,0.0389491
RT-1,train_eps_00000049,recap,23,0.1533512,0.8314834,20.6145191,0.043416
RT-1,train_eps_00000049,recap,24,0.1546339,0.8239442,20.5095367,0.0449491
RT-1,train_eps_00000049,recap,25,0.152226,0.8343889,20.7499962,0.0387685
RT-1,train_eps_00000049,recap,26,0.1525481,0.8366508,20.9321175,0.037583
RT-1,train_eps_00000049,recap,27,0.1460752,0.8412231,21.4621391,0.0339903
RT-1,train_eps_00000049,recap,28,0.1429838,0.8491282,22.1073322,0.0333331
RT-1,train_eps_00000049,recap,29,0.1286862,0.8637257,23.5796776,0.0277393
RT-1,train_eps_00000049,recap,30,0.1380066,0.8568726,23.8802872,0.0281756
RT-1,train_eps_00000049,recap,31,0.1375614,0.8580408,23.9118729,0.0276
RT-1,train_eps_00000049,recap,32,0.1345514,0.861124,23.3722324,0.0291891
RT-1,train_eps_00000049,recap,33,0.1397605,0.8534907,23.1925697,0.0290887
RT-1,train_eps_00000049,recap,34,0.1456002,0.8401378,23.6668415,0.0297804
RT-1,train_eps_00000049,recap,35,0.1557493,0.8282847,23.2982807,0.030997
RT-1,train_eps_00000049,recap,36,0.1656955,0.8081424,21.8444481,0.0406407
RT-1,train_eps_00000049,recap,37,0.1707205,0.7773554,20.4427147,0.0494519
RT-1,train_eps_00000049,recap,38,0.1655952,0.7940018,21.3451004,0.0416313
RT-1,train_eps_00000049,recap,39,0.1744336,0.7829794,21.0652695,0.0405918
RT-1,train_eps_00000049,recap,40,0.1788925,0.770893,21.0060711,0.0432136
RT-1,train_eps_00000049,recap,41,0.1776348,0.7710142,21.0304794,0.0429878
RT-1,train_eps_00000049,recap,42,0.184231,0.7728745,21.6052742,0.0420716
RT-1,train_eps_00000049,recap,43,0.1855387,0.7864251,22.611721,0.0369982
RT-1,train_eps_00000049,recap,44,0.1831279,0.7856631,22.598011,0.0394188
RT-1,train_eps_00000049,recap,45,0.1884803,0.7744035,21.8040924,0.0406138
RT-1,train_eps_00000049,recap,46,0.1944255,0.7611021,20.910675,0.0448055
RT-1,train_eps_00000049,recap,47,0.1963834,0.7648574,20.6166267,0.0430816
RT-1,train_eps_00000049,recap,48,0.204679,0.7497748,20.3521748,0.0442796
RT-1,train_eps_00000049,recap,49,0.200452,0.7489749,20.6894836,0.0446991
RT-1,train_eps_00000049,recap,50,0.2025706,0.7349828,20.360672,0.0504283
RT-1,train_eps_00000049,recap,51,0.1999185,0.7383421,20.3714447,0.0501992
RT-1,train_eps_00000049,recap,52,0.2010151,0.7397715,20.4465332,0.049878
RT-1,train_eps_00000049,recap,53,0.202244,0.7386566,20.4173546,0.0507946
RT-1,train_eps_00000049,recap,54,0.1967418,0.7385893,21.0783939,0.0498341
RT-1,train_eps_00000049,recap,55,0.1883733,0.7548063,21.5224915,0.0412172
RT-1,train_eps_00000049,recap,56,0.1967106,0.7397413,19.9566231,0.045559
RT-1,train_eps_00000049,recap,57,0.20569,0.737407,18.880661,0.0506498
RT-1,train_eps_00000049,recap,58,0.2061544,0.7347062,18.3314857,0.0528635
RT-1,train_eps_00000049,recap,59,0.2147235,0.7255849,17.8624229,0.0569446
RT-1,train_eps_00000049,recap,60,0.2186823,0.7368973,17.9406891,0.0561622
RT-1,train_eps_00000049,recap,61,0.2203428,0.7467909,18.6763248,0.0519652
RT-1,train_eps_00000049,recap,62,0.21704,0.7576318,19.073843,0.0492901
RT-1,train_eps_00000049,recap,63,0.2171582,0.7564284,19.1608315,0.0484842
RT-1,train_eps_00000049,recap,64,0.2171056,0.7571368,19.1184731,0.0486215
RT-1,train_eps_00000052,full_history,1,0.4804046,0.2464712,15.5097666,0.1214318
RT-1,train_eps_00000052,full_history,2,0.5505481,0.2182912,14.3730602,0.1402749
RT-1,train_eps_00000052,full_history,3,0.5556266,0.2161192,14.1132298,0.1482974
RT-1,train_eps_00000052,full_history,4,0.5565184,0.219807,13.5434723,0.1658743
RT-1,train_eps_00000052,full_history,5,0.556555,0.2209438,13.60042,0.1646669
RT-1,train_eps_00000052,full_history,6,0.5587669,0.2213218,13.5739756,0.1648475
RT-1,train_eps_00000052,full_history,7,0.5513968,0.2253462,13.5556459,0.1660385
RT-1,train_eps_00000052,full_history,8,0.5528235,0.2249837,13.5917625,0.1650747
RT-1,train_eps_00000052,full_history,9,0.5609899,0.214643,13.461112,0.1678191
RT-1,train_eps_00000052,full_history,10,0.5613397,0.2126321,13.3321762,0.1714061
RT-1,train_eps_00000052,full_history,11,0.5772662,0.2157419,13.5340996,0.1655434
RT-1,train_eps_00000052,full_history,12,0.5849848,0.2163184,13.8066864,0.1581874
RT-1,train_eps_00000052,full_history,13,0.5845587,0.221982,14.0472126,0.1528311
RT-1,train_eps_00000052,full_history,14,0.5880561,0.2178609,13.7278004,0.1624641
RT-1,train_eps_00000052,full_history,15,0.5877157,0.2191645,13.7854977,0.1609769
RT-1,train_eps_00000052,full_history,16,0.5920628,0.2176477,13.8652372,0.1579755
RT-1,train_eps_00000052,full_history,17,0.5949298,0.2168874,13.344388,0.1718271
RT-1,train_eps_00000052,full_history,18,0.5964862,0.2234725,13.266922,0.1765469
RT-1,train_eps_00000052,full_history,19,0.6064724,0.2082479,12.7330513,0.1863756
RT-1,train_eps_00000052,full_history,20,0.6075924,0.2200717,13.5982533,0.1686381
RT-1,train_eps_00000052,full_history,21,0.6049519,0.23637,13.3449326,0.1689603
RT-1,train_eps_00000052,full_history,22,0.6145364,0.2247974,13.0666752,0.1825059
RT-1,train_eps_00000052,full_history,23,0.6172619,0.226622,12.9074707,0.184055
RT-1,train_eps_00000052,full_history,24,0.6191714,0.2345738,13.1174603,0.1783275
RT-1,train_eps_00000052,full_history,25,0.6230465,0.2295301,13.4382906,0.1714745
RT-1,train_eps_00000052,full_history,26,0.6228691,0.2186686,13.3358021,0.1747266
RT-1,train_eps_00000052,full_history,27,0.6267393,0.2088305,12.8819008,0.1839898
RT-1,train_eps_00000052,full_history,28,0.6272147,0.2131992,13.2571678,0.176198
RT-1,train_eps_00000052,full_history,29,0.6293696,0.2048295,12.9585991,0.1831973
RT-1,train_eps_00000052,full_history,30,0.6229659,0.212122,12.6071978,0.1922738
RT-1,train_eps_00000052,full_history,31,0.6286909,0.2169102,12.4029179,0.196767
RT-1,train_eps_00000052,full_history,32,0.6254328,0.2272401,13.144618,0.175272
RT-1,train_eps_00000052,full_history,33,0.6282127,0.2340622,13.2430382,0.1702109
RT-1,train_eps_00000052,full_history,34,0.5989927,0.2740664,14.4074459,0.1391856
RT-1,train_eps_00000052,full_history,35,0.5230933,0.3148974,15.0521927,0.1292478
RT-1,train_eps_00000052,full_history,36,0.5336213,0.326711,15.3013039,0.1257649
RT-1,train_eps_00000052,full_history,37,0.5710592,0.2809052,15.2599144,0.1319928
RT-1,train_eps_00000052,full_history,38,0.5936635,0.2679298,14.4822206,0.1497312
RT-1,train_eps_00000052,full_history,39,0.5712037,0.2877627,15.3577366,0.1310061
RT-1,train_eps_00000052,full_history,40,0.5787166,0.2631786,14.6065388,0.1458884
RT-1,train_eps_00000052,full_history,41,0.5779997,0.2630301,14.7388668,0.1434497
RT-1,train_eps_00000052,full_history,42,0.5799394,0.2690781,14.8964787,0.1404588
RT-1,train_eps_00000052,full_history,43,0.5812692,0.2732929,14.9369955,0.1402
RT-1,train_eps_00000052,full_history,44,0.5799623,0.2696978,14.7585249,0.1439038
RT-1,train_eps_00000052,full_history,45,0.5912234,0.2647611,14.3358116,0.152381
RT-1,train_eps_00000052,full_history,46,0.5894054,0.2634209,14.1005383,0.1546125
RT-1,train_eps_00000052,full_history,47,0.5917765,0.2626639,14.3266058,0.1507193
RT-1,train_eps_00000052,full_history,48,0.5974373,0.2600462,13.4951601,0.167677
RT-1,train_eps_00000052,full_history,49,0.62649,0.220204,12.8701601,0.1776422
RT-1,train_eps_00000052,full_history,50,0.6315852,0.2183234,12.5714769,0.1851556
RT-1,train_eps_00000052,full_history,51,0.621226,0.2386634,12.7783985,0.1806595
RT-1,train_eps_00000052,full_history,52,0.6222101,0.2335257,13.0001364,0.172581
RT-1,train_eps_00000052,full_history,53,0.6240272,0.2286067,12.9573641,0.1721724
RT-1,train_eps_00000052,full_history,54,0.6441701,0.2080034,12.5017729,0.182152
RT-1,train_eps_00000052,full_history,55,0.6441565,0.2126781,13.0238514,0.1689962
RT-1,train_eps_00000052,full_history,56,0.6408742,0.1990293,12.7274075,0.176462
RT-1,train_eps_00000052,full_history,57,0.6379062,0.2075715,13.1410294,0.1667598
RT-1,train_eps_00000052,full_history,58,0.6376143,0.1954839,13.0763388,0.1682674
RT-1,train_eps_00000052,full_history,59,0.6304278,0.1840202,12.6226988,0.1810233
RT-1,train_eps_00000052,full_history,60,0.6301831,0.1820141,12.799984,0.1759971
RT-1,train_eps_00000052,full_history,61,0.6301975,0.1824737,12.7914429,0.1761045
RT-1,train_eps_00000052,full_history,62,0.631767,0.1793058,12.7664585,0.1767253
RT-1,train_eps_00000052,full_history,63,0.6341087,0.1750231,12.4626551,0.1837593
RT-1,train_eps_00000052,full_history,64,0.6333489,0.1727353,12.5407457,0.1810691
RT-1,train_eps_00000052,recap,1,0.4768608,0.2440836,15.3536129,0.1235465
RT-1,train_eps_00000052,recap,2,0.5539635,0.2304406,13.9745483,0.148054
RT-1,train_eps_00000052,recap,3,0.5522072,0.2307819,13.9097729,0.1501638
RT-1,train_eps_00000052,recap,4,0.5514304,0.2310718,13.280714,0.170326
RT-1,train_eps_00000052,recap,5,0.5514379,0.2319561,13.3369427,0.1690544
RT-1,train_eps_00000052,recap,6,0.5554826,0.2308873,13.2866621,0.1696906
RT-1,train_eps_00000052,recap,7,0.5473589,0.2351591,13.3064938,0.1702851
RT-1,train_eps_00000052,recap,8,0.5496858,0.2283882,13.303709,0.1695342
RT-1,train_eps_00000052,recap,9,0.5568449,0.2255507,13.2030048,0.1725744
RT-1,train_eps_00000052,recap,10,0.5573304,0.2232092,13.0754814,0.1762135
RT-1,train_eps_00000052,recap,11,0.5656313,0.2290121,13.2788811,0.1697473
RT-1,train_eps_00000052,recap,12,0.5737314,0.2392345,13.7116709,0.1588509
RT-1,train_eps_00000052,recap,13,0.5735011,0.2451892,14.0426912,0.1521079
RT-1,train_eps_00000052,recap,14,0.5755739,0.2416835,13.7785158,0.1618309
RT-1,train_eps_00000052,recap,15,0.5748521,0.2427773,13.8396349,0.1602106
RT-1,train_eps_00000052,recap,16,0.5803416,0.2454823,13.8887043,0.1580658
RT-1,train_eps_00000052,recap,17,0.5871704,0.2410824,13.3764124,0.1713487
RT-1,train_eps_00000052,recap,18,0.5849353,0.2449854,13.699419,0.1634655
RT-1,train_eps_00000052,recap,19,0.6034483,0.2182625,13.1638422,0.1761979
RT-1,train_eps_00000052,recap,20,0.610039,0.2182015,13.6866779,0.1648503
RT-1,train_eps_00000052,recap,21,0.6126173,0.2178879,13.762352,0.1601415
RT-1,train_eps_00000052,recap,22,0.618654,0.2044743,13.020443,0.1807612
RT-1,train_eps_00000052,recap,23,0.6195457,0.2045402,13.0434618,0.1800797
RT-1,train_eps_00000052,recap,24,0.6178612,0.2058709,13.184329,0.17665
RT-1,train_eps_00000052,recap,25,0.6186212,0.2196848,13.6744204,0.1635638
RT-1,train_eps_00000052,recap,26,0.6218414,0.2126136,13.4290648,0.1676751
RT-1,train_eps_00000052,recap,27,0.6188467,0.2026611,12.9849424,0.1778591
RT-1,train_eps_00000052,recap,28,0.6182688,0.2064498,13.3010092,0.1697035
RT-1,train_eps_00000052,recap,29,0.6220162,0.2088943,13.2204666,0.1723198
RT-1,train_eps_00000052,recap,30,0.6183466,0.224214,13.1470909,0.1757109
RT-1,train_eps_00000052,recap,31,0.6237414,0.2252888,12.7994909,0.183832
RT-1,train_eps_00000052,recap,32,0.617943,0.2296487,13.2784643,0.1713828
RT-1,train_eps_00000052,recap,33,0.6205571,0.2266544,13.2738104,0.1712127
RT-1,train_eps_00000052,recap,34,0.6175302,0.2454329,14.3308468,0.1414134
RT-1,train_eps_00000052,recap,35,0.6189842,0.237378,13.9679146,0.1527496
RT-1,train_eps_00000052,recap,36,0.6185107,0.2346221,13.7777891,0.155275
RT-1,train_eps_00000052,recap,37,0.6250903,0.2222324,14.1419077,0.1518771
RT-1,train_eps_00000052,recap,38,0.6079744,0.2286121,14.2249031,0.1529039
RT-1,train_eps_00000052,recap,39,0.6200909,0.2353657,14.1817303,0.1508024
RT-1,train_eps_00000052,recap,40,0.6177257,0.2239725,13.4546223,0.1664759
RT-1,train_eps_00000052,recap,41,0.616899,0.2251274,13.6024141,0.1628283
RT-1,train_eps_00000052,recap,42,0.6164228,0.2291645,13.7590466,0.1595961
RT-1,train_eps_00000052,recap,43,0.6205738,0.227641,13.7590303,0.1594697
RT-1,train_eps_00000052,recap,44,0.620432,0.2251396,13.6444035,0.1622011
RT-1,train_eps_00000052,recap,45,0.6145042,0.2263051,13.3187151,0.1700339
RT-1,train_eps_00000052,recap,46,0.6104614,0.2376458,14.1248655,0.1524354
RT-1,train_eps_00000052,recap,47,0.6053134,0.2177637,13.7434244,0.1612414
RT-1,train_eps_00000052,recap,48,0.6033231,0.2224917,13.1359339,0.1744694
RT-1,train_eps_00000052,recap,49,0.6009328,0.2292983,13.5806417,0.1627006
RT-1,train_eps_00000052,recap,50,0.6087313,0.205602,12.8969431,0.1771762
RT-1,train_eps_00000052,recap,51,0.6185104,0.2163444,12.6317272,0.1850075
RT-1,train_eps_00000052,recap,52,0.6176873,0.2145725,12.9094553,0.1756684
RT-1,train_eps_00000052,recap,53,0.6182914,0.2135627,12.802496,0.1761709
RT-1,train_eps_00000052,recap,54,0.6248006,0.1970013,12.5109119,0.1829357
RT-1,train_eps_00000052,recap,55,0.6232166,0.2045927,13.1258774,0.1677838
RT-1,train_eps_00000052,recap,56,0.6218392,0.185615,12.7170143,0.1794533
RT-1,train_eps_00000052,recap,57,0.6204228,0.1910844,13.0828104,0.17119
RT-1,train_eps_00000052,recap,58,0.6174059,0.1781597,13.0156918,0.1722282
RT-1,train_eps_00000052,recap,59,0.6092237,0.1697539,12.4204769,0.1887617
RT-1,train_eps_00000052,recap,60,0.6095532,0.1684525,12.6558304,0.182536
RT-1,train_eps_00000052,recap,61,0.61039,0.1684248,12.6320086,0.183251
RT-1,train_eps_00000052,recap,62,0.6097596,0.1694328,12.5292473,0.1859933
RT-1,train_eps_00000052,recap,63,0.619773,0.1546792,12.1259823,0.1946593
RT-1,train_eps_00000052,recap,64,0.6207834,0.1493945,12.2616243,0.1896346
RT-1,train_eps_00000061,full_history,1,0.0942757,0.8685236,25.1346931,0.0235746
RT-1,train_eps_00000061,full_history,2,0.1087336,0.8382444,23.8892517,0.0266445
RT-1,train_eps_00000061,full_history,3,0.1145394,0.8466991,24.8121834,0.0295422
RT-1,train_eps_00000061,full_history,4,0.1110439,0.8528193,24.6545715,0.0286774
RT-1,train_eps_00000061,full_history,5,0.1089844,0.8602158,24.7523403,0.0260742
RT-1,train_eps_00000061,full_history,6,0.1209595,0.8493475,24.3644943,0.0297866
RT-1,train_eps_00000061,full_history,7,0.1249247,0.8258346,23.644619,0.0316253
RT-1,train_eps_00000061,full_history,8,0.1208912,0.8409629,23.923336,0.0260641
RT-1,train_eps_00000061,full_history,9,0.1160772,0.8453312,24.2879333,0.0257544
RT-1,train_eps_00000061,full_history,10,0.1199264,0.8442371,23.2940121,0.0286054
RT-1,train_eps_00000061,full_history,11,0.1176331,0.8455604,22.8608551,0.0298609
RT-1,train_eps_00000061,full_history,12,0.1186091,0.8451859,23.1139774,0.0287713
RT-1,train_eps_00000061,full_history,13,0.1149602,0.8477164,24.117487,0.0263152
RT-1,train_eps_00000061,full_history,14,0.1257721,0.8330115,22.1476097,0.0312164
RT-1,train_eps_00000061,full_history,15,0.1306215,0.8166955,21.9824638,0.0324231
RT-1,train_eps_00000061,full_history,16,0.1382723,0.8073095,22.1087074,0.0334731
RT-1,train_eps_00000061,full_history,17,0.1504602,0.7991416,21.0798092,0.040075
RT-1,train_eps_00000061,full_history,18,0.1611989,0.7918671,20.3616333,0.0415337
RT-1,train_eps_00000061,full_history,19,0.1737589,0.7781302,18.9764938,0.0499887
RT-1,train_eps_00000061,full_history,20,0.1766286,0.7696928,18.855999,0.0507667
RT-1,train_eps_00000061,full_history,21,0.1781687,0.7698296,18.7209721,0.0522299
RT-1,train_eps_00000061,full_history,22,0.179507,0.7702234,18.0074959,0.0546681
RT-1,train_eps_00000061,full_history,23,0.1817909,0.774093,17.982151,0.0556469
RT-1,train_eps_00000061,full_history,24,0.1797456,0.7729133,18.2270126,0.055039
RT-1,train_eps_00000061,full_history,25,0.1741276,0.7716145,18.4970245,0.0524259
RT-1,train_eps_00000061,full_history,26,0.1758705,0.7721434,18.7350502,0.0505334
RT-1,train_eps_00000061,full_history,27,0.1766057,0.7617896,18.805582,0.0532809
RT-1,train_eps_00000061,full_history,28,0.1832176,0.7583578,18.623806,0.0536029
RT-1,train_eps_00000061,full_history,29,0.2036639,0.7242428,18.2505226,0.0608526
RT-1,train_eps_00000061,full_history,30,0.2047241,0.7264606,18.1760063,0.0606385
RT-1,train_eps_00000061,full_history,31,0.2168847,0.7162009,17.773325,0.0671219
RT-1,train_eps_00000061,full_history,32,0.2356023,0.6764385,17.3607235,0.0729069
RT-1,train_eps_00000061,full_history,33,0.235933,0.68152,17.3963852,0.0734934
RT-1,train_eps_00000061,full_history,34,0.2315849,0.6925815,17.5685463,0.0704303
RT-1,train_eps_00000061,full_history,35,0.2316961,0.699672,17.7003059,0.0695231
RT-1,train_eps_00000061,full_history,36,0.2298007,0.697621,17.6952095,0.0713501
RT-1,train_eps_00000061,full_history,37,0.2301188,0.7010553,17.9910622,0.0682035
RT-1,train_eps_00000061,full_history,38,0.2301666,0.7051561,17.85425,0.0690471
RT-1,train_eps_00000061,full_history,39,0.2322688,0.7033292,17.8946533,0.0683456
RT-1,train_eps_00000061,full_history,40,0.2316545,0.7051916,17.6235867,0.0714171
RT-1,train_eps_00000061,full_history,41,0.2354473,0.7032065,17.4017963,0.0717436
RT-1,train_eps_00000061,full_history,42,0.2420493,0.6842012,17.2183838,0.0757227
RT-1,train_eps_00000061,full_history,43,0.2481528,0.6835109,16.861969,0.0786178
RT-1,train_eps_00000061,full_history,44,0.2539377,0.6775072,16.4849796,0.0828436
RT-1,train_eps_00000061,full_history,45,0.2558359,0.665216,16.4417343,0.0825638
RT-1,train_eps_00000061,full_history,46,0.2526496,0.6795784,16.4838028,0.080343
RT-1,train_eps_00000061,full_history,47,0.2484021,0.6836659,16.8129559,0.0775798
RT-1,train_eps_00000061,full_history,48,0.2438352,0.6876854,16.919157,0.0772046
RT-1,train_eps_00000061,full_history,49,0.2427499,0.6876601,17.13414,0.0753954
RT-1,train_eps_00000061,full_history,50,0.2450329,0.6756114,17.0111885,0.0793132
RT-1,train_eps_00000061,full_history,51,0.2424743,0.6860228,17.2204361,0.0755393
RT-1,train_eps_00000061,full_history,52,0.2454509,0.6846471,17.3067093,0.0757918
RT-1,train_eps_00000061,full_history,53,0.2475339,0.6843593,17.1930714,0.0779704
RT-1,train_eps_00000061,full_history,54,0.2607483,0.6584512,17.3199711,0.0772483
RT-1,train_eps_00000061,full_history,55,0.271622,0.648477,17.1670208,0.0804657
RT-1,train_eps_00000061,full_history,56,0.277946,0.6461788,16.8585415,0.0856816
RT-1,train_eps_00000061,full_history,57,0.2820261,0.6418371,16.5557213,0.0873924
RT-1,train_eps_00000061,full_history,58,0.2896577,0.6292787,16.3535995,0.091537
RT-1,train_eps_00000061,full_history,59,0.295851,0.6240984,16.2324219,0.0928471
RT-1,train_eps_00000061,full_history,60,0.3002944,0.619665,16.1853065,0.0946473
RT-1,train_eps_00000061,full_history,61,0.3043071,0.6127292,16.1344109,0.0972341
RT-1,train_eps_00000061,full_history,62,0.306385,0.6112077,16.032198,0.0983209
RT-1,train_eps_00000061,full_history,63,0.3065491,0.6195117,16.1689777,0.0947383
RT-1,train_eps_00000061,full_history,64,0.3090822,0.6136303,16.1471062,0.0958869
RT-1,train_eps_00000061,recap,1,0.0942757,0.8685236,25.1346931,0.0235746
RT-1,train_eps_00000061,recap,2,0.1087336,0.8382444,23.8892517,0.0266445
RT-1,train_eps_00000061,recap,3,0.1145394,0.8466991,24.8121834,0.0295422
RT-1,train_eps_00000061,recap,4,0.1110439,0.8528193,24.6545715,0.0286774
RT-1,train_eps_00000061,recap,5,0.1089844,0.8602158,24.7523403,0.0260742
RT-1,train_eps_00000061,recap,6,0.1209595,0.8493475,24.3644943,0.0297866
RT-1,train_eps_00000061,recap,7,0.1249247,0.8258346,23.644619,0.0316253
RT-1,train_eps_00000061,recap,8,0.1211744,0.8405643,23.9270515,0.0260091
RT-1,train_eps_00000061,recap,9,0.115543,0.8457855,24.3120613,0.0255594
RT-1,train_eps_00000061,recap,10,0.1186058,0.8450142,23.5605469,0.0279714
RT-1,train_eps_00000061,recap,11,0.1139503,0.8510384,23.8671074,0.0271208
RT-1,train_eps_00000061,recap,12,0.1141895,0.8482585,24.0263596,0.0262002
RT-1,train_eps_00000061,recap,13,0.1085148,0.8559517,24.9287834,0.0242412
RT-1,train_eps_00000061,recap,14,0.1097967,0.8534262,24.8805161,0.0235514
RT-1,train_eps_00000061,recap,15,0.11573,0.8366433,24.6708183,0.0246523
RT-1,train_eps_00000061,recap,16,0.1201775,0.8289518,24.2364025,0.0264496
RT-1,train_eps_00000061,recap,17,0.1358708,0.8177064,22.9793549,0.0338574
RT-1,train_eps_00000061,recap,18,0.1407797,0.8145084,22.145956,0.0325841
RT-1,train_eps_00000061,recap,19,0.1522082,0.8021761,20.7714291,0.0405677
RT-1,train_eps_00000061,recap,20,0.1553652,0.7985922,20.4819565,0.0393968
RT-1,train_eps_00000061,recap,21,0.154878,0.7983742,20.427803,0.0411335
RT-1,train_eps_00000061,recap,22,0.1538825,0.7974499,20.2011986,0.0435977
RT-1,train_eps_00000061,recap,23,0.1573896,0.7930248,19.6417389,0.0457168
RT-1,train_eps_00000061,recap,24,0.1548972,0.7965118,20.0534267,0.044899
RT-1,train_eps_00000061,recap,25,0.1475442,0.8011484,20.4268036,0.0405864
RT-1,train_eps_00000061,recap,26,0.1479316,0.7996028,20.7421608,0.0392605
RT-1,train_eps_00000061,recap,27,0.1447593,0.8019289,20.9138012,0.0362865
RT-1,train_eps_00000061,recap,28,0.1499849,0.7963416,20.7608109,0.0411353
RT-1,train_eps_00000061,recap,29,0.1662801,0.7726022,20.8555126,0.0417772
RT-1,train_eps_00000061,recap,30,0.1639308,0.7803156,21.0638161,0.0408077
RT-1,train_eps_00000061,recap,31,0.1741399,0.7618275,19.9904556,0.0515065
RT-1,train_eps_00000061,recap,32,0.1979705,0.7332436,19.1704826,0.0557717
RT-1,train_eps_00000061,recap,33,0.1967909,0.7382749,19.210556,0.055582
RT-1,train_eps_00000061,recap,34,0.1966645,0.7400678,19.2852383,0.0537708
RT-1,train_eps_00000061,recap,35,0.18712,0.7504361,19.9744015,0.0524037
RT-1,train_eps_00000061,recap,36,0.178239,0.7575788,20.6134109,0.0538784
RT-1,train_eps_00000061,recap,37,0.1838729,0.7500999,20.2839108,0.0531803
RT-1,train_eps_00000061,recap,38,0.1866182,0.7460495,19.985466,0.0585485
RT-1,train_eps_00000061,recap,39,0.1856305,0.7485318,20.268774,0.0542652
RT-1,train_eps_00000061,recap,40,0.1720947,0.7618293,20.0079384,0.0567363
RT-1,train_eps_00000061,recap,41,0.1602481,0.7798711,20.0961018,0.0526455
RT-1,train_eps_00000061,recap,42,0.1740796,0.7690743,19.9998798,0.052744
RT-1,train_eps_00000061,recap,43,0.1828812,0.757511,19.2408772,0.0602601
RT-1,train_eps_00000061,recap,44,0.1853622,0.7525684,18.9528294,0.0635099
RT-1,train_eps_00000061,recap,45,0.1616111,0.7739363,20.1329536,0.0521902
RT-1,train_eps_00000061,recap,46,0.1683034,0.7710443,20.1054401,0.0555432
RT-1,train_eps_00000061,recap,47,0.1700235,0.7698168,20.0604439,0.0546812
RT-1,train_eps_00000061,recap,48,0.1683593,0.7680311,20.0407257,0.0549423
RT-1,train_eps_00000061,recap,49,0.1659378,0.7712852,20.1192245,0.0525386
RT-1,train_eps_00000061,recap,50,0.176867,0.7489752,19.3029175,0.0608785
RT-1,train_eps_00000061,recap,51,0.16629,0.7760808,20.2989883,0.0505107
RT-1,train_eps_00000061,recap,52,0.1759883,0.7670819,19.8805828,0.053367
RT-1,train_eps_00000061,recap,53,0.1863406,0.7542068,19.6239452,0.0582382
RT-1,train_eps_00000061,recap,54,0.2001694,0.7446131,20.0188408,0.0486609
RT-1,train_eps_00000061,recap,55,0.206703,0.7268037,19.6905479,0.0503607
RT-1,train_eps_00000061,recap,56,0.2172367,0.733586,19.1566849,0.0547895
RT-1,train_eps_00000061,recap,57,0.2196022,0.7241059,19.1434078,0.0562611
RT-1,train_eps_00000061,recap,58,0.2356173,0.7019711,18.3680878,0.0616891
RT-1,train_eps_00000061,recap,59,0.2386858,0.7064505,18.2907581,0.0613972
RT-1,train_eps_00000061,recap,60,0.2415887,0.7071735,18.2267056,0.0621922
RT-1,train_eps_00000061,recap,61,0.2457314,0.703467,18.1812,0.0633519
RT-1,train_eps_00000061,recap,62,0.2624509,0.6867619,17.0678215,0.0721043
RT-1,train_eps_00000061,recap,63,0.2574977,0.701159,17.3562012,0.0698773
RT-1,train_eps_00000061,recap,64,0.2511162,0.7079983,17.772419,0.0656804
