dataset,method,group,horizon,case_count,lpips_mean,lpips_std,lpips_ci95_low,lpips_ci95_high,ssim_mean,ssim_std,ssim_ci95_low,ssim_ci95_high,psnr_db_mean,psnr_db_std,psnr_db_ci95_low,psnr_db_ci95_high,mae_mean,mae_std,mae_ci95_low,mae_ci95_high,proxy_ndtw_mean,proxy_arm_score_mean,proxy_shape_iou_mean
RT-1,anchor_uniform,equal_budget,8,9,0.1605865,0.1438698,0.106303,0.258411,0.7730779,0.2030508,0.6349307,0.8474465,23.9755514,4.0317693,21.1739213,25.8615889,0.0420431,0.0438863,0.0262382,0.0718067,,,
RT-1,anchor_uniform,equal_budget,16,9,0.1721598,0.1445541,0.1183681,0.2708732,0.7647727,0.1990799,0.6297589,0.8366724,22.9408411,3.6594822,20.3454817,24.6221504,0.045368,0.0435086,0.0293429,0.0746706,,,
RT-1,anchor_uniform,equal_budget,32,9,0.191645,0.1474916,0.1390196,0.2915929,0.7494325,0.195102,0.618063,0.8188289,21.7290125,3.3135825,19.4757979,23.4225178,0.0503328,0.0423453,0.0340352,0.0795112,,,
RT-1,anchor_uniform,equal_budget,48,9,0.2108956,0.1439447,0.1574434,0.308539,0.7305922,0.1895569,0.602169,0.7994943,20.7466317,3.091235,18.6702953,22.4032233,0.0559534,0.0408168,0.0393362,0.084577,,,
RT-1,anchor_uniform,equal_budget,64,9,0.2249211,0.1392768,0.1714738,0.3194508,0.7142851,0.1881692,0.585992,0.7841853,20.127076,2.9738591,18.1287005,21.7428372,0.0601374,0.0405682,0.0434119,0.0881412,0.311311,0.510411,0.321544
RT-1,full_history,unbounded_reference,8,9,0.1613042,0.1446175,0.1071845,0.2590628,0.7717268,0.2057565,0.6326832,0.8466676,23.989822,3.9366254,21.2132072,25.8524875,0.0415569,0.042444,0.0262978,0.0703865,,,
RT-1,full_history,unbounded_reference,16,9,0.1788331,0.1445779,0.1242232,0.2773189,0.7572049,0.2015829,0.6203387,0.8302428,22.5777124,3.5364145,20.1065014,24.3015764,0.0476514,0.0418817,0.0312281,0.0763727,,,
RT-1,full_history,unbounded_reference,32,9,0.2027493,0.1453367,0.1503749,0.301483,0.7349724,0.1931828,0.604215,0.8036635,21.4224357,3.2281024,19.1946274,22.9762242,0.0556185,0.0428042,0.0388661,0.0848286,,,
RT-1,full_history,unbounded_reference,48,9,0.2197141,0.1380624,0.1682585,0.3138567,0.7170882,0.1802394,0.5940899,0.7840051,20.7480802,2.8928428,18.6595485,22.2750151,0.05996,0.0383063,0.0444139,0.0865123,,,
RT-1,full_history,unbounded_reference,64,9,0.2329171,0.1381154,0.1780948,0.3278352,0.7029119,0.1792069,0.5785952,0.773861,20.3504016,2.9093438,18.420406,21.9143789,0.0635542,0.0387541,0.0470983,0.0899248,0.143844,0.335067,0.238211
RT-1,recap,equal_budget,8,9,0.1606214,0.1438211,0.1063812,0.2582024,0.7730351,0.2030403,0.6343867,0.8476134,23.9753771,4.0306308,21.1815453,25.8382779,0.0420376,0.0438665,0.0262324,0.0717444,,,
RT-1,recap,equal_budget,16,9,0.1681699,0.1462269,0.1126839,0.2681751,0.7680238,0.2004673,0.6314828,0.8415133,23.3448558,3.8995809,20.5949141,25.207293,0.0443149,0.0440529,0.0277715,0.0743573,,,
RT-1,recap,equal_budget,32,9,0.1803883,0.1519249,0.1253192,0.2829276,0.7577399,0.1995164,0.6233277,0.82848,22.8030614,3.7922908,20.1595556,24.6998273,0.0471836,0.0450411,0.0301876,0.0776708,,,
RT-1,recap,equal_budget,48,9,0.1940781,0.1507131,0.1392098,0.2964087,0.7439925,0.1939809,0.6130134,0.8127,22.0850539,3.4442086,19.6945788,23.7410019,0.0500833,0.0430027,0.0336942,0.0795981,,,
RT-1,recap,equal_budget,64,9,0.2041674,0.149115,0.1479239,0.3063193,0.731909,0.1932441,0.6008731,0.8020102,21.5578682,3.3056772,19.3208302,23.2008208,0.053068,0.0433552,0.0364993,0.0829191,0.542056,0.798622,0.4632
RT-1,repeat_frame,other,8,9,0.1601865,0.1650543,0.0939672,0.2748025,0.8115576,0.2297685,0.6542463,0.8987824,20.9788989,3.3083109,18.7856867,22.6197967,0.0460597,0.0453897,0.0274833,0.0777537,,,
RT-1,repeat_frame,other,16,9,0.179764,0.1632731,0.1139022,0.2942281,0.7940836,0.2260278,0.6404944,0.8780885,19.801944,2.8937731,17.7956449,21.3108611,0.0524558,0.0439537,0.0351827,0.0826832,,,
RT-1,repeat_frame,other,32,9,0.196837,0.1612607,0.1327945,0.3075944,0.7784686,0.2200079,0.6268883,0.8610164,19.0327176,2.5711946,17.2178411,20.3257335,0.0573392,0.0436337,0.0403117,0.0870126,,,
RT-1,repeat_frame,other,48,9,0.2128064,0.1519097,0.1511815,0.3184435,0.7634213,0.206979,0.6221157,0.8432162,18.5055661,2.2335707,17.0074948,19.6997519,0.0611689,0.0383814,0.0458986,0.0873713,,,
RT-1,repeat_frame,other,64,9,0.2265716,0.1501797,0.1649411,0.33098,0.7477051,0.2041156,0.6064117,0.8276499,18.1572155,2.2405344,16.7020242,19.3731314,0.0653245,0.0385058,0.0492294,0.0922261,0.066667,0.152778,0.140856
RT-1,sliding_window_eq,equal_budget,8,9,0.1612197,0.1448435,0.1066712,0.2605468,0.771637,0.2061465,0.6314299,0.846924,23.995524,3.9463547,21.2453561,25.8619398,0.0415375,0.042456,0.0262649,0.0702872,,,
RT-1,sliding_window_eq,equal_budget,16,9,0.1696386,0.1469184,0.1150708,0.2700475,0.7661518,0.2027863,0.6290554,0.839965,23.3411184,3.7887905,20.6825332,25.1320561,0.0439437,0.0425472,0.0279858,0.0728799,,,
RT-1,sliding_window_eq,equal_budget,32,9,0.1797353,0.1515515,0.1252417,0.2824668,0.7571504,0.1997578,0.6226283,0.8280674,22.809859,3.6892919,20.2790536,24.6543182,0.0466857,0.0433623,0.0302973,0.0761865,,,
RT-1,sliding_window_eq,equal_budget,48,9,0.1924203,0.1475065,0.137823,0.2934752,0.7443284,0.1896389,0.6160035,0.8117796,22.1013289,3.3489537,19.798616,23.8009512,0.0495486,0.0407746,0.0337199,0.0773036,,,
RT-1,sliding_window_eq,equal_budget,64,9,0.2030341,0.1463445,0.147253,0.3030834,0.7315059,0.1888272,0.6025492,0.8011025,21.5686897,3.2442541,19.3133865,23.2317234,0.0528999,0.0418579,0.0364425,0.0815755,0.532311,0.776044,0.459211
RT-1,stale_inject@k=2+src=generated,equal_budget,8,9,0.1606214,0.1438211,0.1066236,0.2587342,0.7730351,0.2030403,0.635988,0.8472273,23.9753771,4.0306308,21.1575598,25.8627407,0.0420376,0.0438665,0.0262987,0.0716637,,,
RT-1,stale_inject@k=2+src=generated,equal_budget,16,9,0.1681699,0.1462269,0.1131246,0.2673167,0.7680238,0.2004673,0.6322413,0.8411984,23.3448558,3.8995809,20.5207334,25.2259257,0.0443149,0.0440529,0.0277564,0.0744836,,,
RT-1,stale_inject@k=2+src=generated,equal_budget,32,9,0.1797171,0.1519439,0.1243178,0.2823317,0.7584198,0.1997383,0.6231783,0.8291536,22.8373221,3.7920271,20.2616199,24.6955046,0.046989,0.0449772,0.0300676,0.0777165,,,
RT-1,stale_inject@k=2+src=generated,equal_budget,48,9,0.1933127,0.150212,0.138317,0.2954517,0.74522,0.1931563,0.6149415,0.8135008,22.0502261,3.4726285,19.7066884,23.7851737,0.0503227,0.0434544,0.0337725,0.0801421,,,
RT-1,stale_inject@k=2+src=generated,equal_budget,64,9,0.2042774,0.1474593,0.148687,0.3058324,0.7314532,0.1908944,0.6019895,0.8011852,21.4516148,3.3231091,19.182378,23.1015625,0.0535591,0.043375,0.0365856,0.0832076,0.531089,0.789922,0.4656
RT-1,stale_inject@k=2+src=ground_truth,equal_budget,8,9,0.1606479,0.143812,0.1063315,0.2600051,0.7729989,0.2030282,0.6359842,0.8472033,23.970719,4.029054,21.1092578,25.849309,0.0420458,0.0438633,0.0262467,0.0718296,,,
RT-1,stale_inject@k=2+src=ground_truth,equal_budget,16,9,0.1684784,0.146197,0.1132874,0.2684687,0.7678877,0.200372,0.63237,0.8409228,23.3366147,3.8948531,20.629862,25.1895279,0.0443602,0.0440428,0.0278254,0.0742683,,,
RT-1,stale_inject@k=2+src=ground_truth,equal_budget,32,9,0.1791482,0.151774,0.123971,0.2823476,0.758471,0.1996741,0.6232978,0.8292354,22.8180065,3.8088879,20.2170085,24.7160168,0.0470262,0.0449695,0.0299918,0.0774967,,,
RT-1,stale_inject@k=2+src=ground_truth,equal_budget,48,9,0.1912832,0.1502144,0.136411,0.2932667,0.7464014,0.1941955,0.6153316,0.8154416,22.1328374,3.4890203,19.772037,23.9061501,0.0496436,0.0430126,0.0329918,0.0791692,,,
RT-1,stale_inject@k=2+src=ground_truth,equal_budget,64,9,0.2019289,0.1479566,0.1465966,0.302124,0.7334396,0.1928741,0.6031052,0.8032744,21.5927582,3.3319144,19.3405419,23.2336186,0.052724,0.0432238,0.0359447,0.0822709,0.541956,0.788211,0.472489
RT-1,stale_inject@k=4+src=generated,equal_budget,8,9,0.1606479,0.143812,0.1062741,0.2586765,0.7729989,0.2030282,0.6349371,0.847264,23.970719,4.029054,21.1647249,25.850666,0.0420458,0.0438633,0.0262875,0.0718296,,,
RT-1,stale_inject@k=4+src=generated,equal_budget,16,9,0.1687191,0.1461669,0.1135684,0.2688285,0.7677119,0.2004384,0.6312615,0.8407223,23.3125552,3.8852819,20.6834952,25.1491152,0.0444226,0.0440484,0.027914,0.0743309,,,
RT-1,stale_inject@k=4+src=generated,equal_budget,32,9,0.1827172,0.1512882,0.1277909,0.2846598,0.7558656,0.1997396,0.6207412,0.8276999,22.5777586,3.7270077,20.0700251,24.4475925,0.0480283,0.04524,0.0306794,0.0788575,,,
RT-1,stale_inject@k=4+src=generated,equal_budget,48,9,0.2006792,0.1478301,0.1446278,0.3010935,0.7385983,0.1936387,0.6076172,0.8090358,21.6098757,3.3973423,19.3035543,23.3934172,0.0525404,0.0430771,0.0355422,0.0818412,,,
RT-1,stale_inject@k=4+src=generated,equal_budget,64,9,0.2151524,0.1436502,0.1589012,0.313936,0.7228687,0.1911693,0.5925652,0.7935834,20.9448479,3.2511734,18.6661025,22.6352035,0.0567528,0.0428009,0.0394873,0.0864431,0.415344,0.625,0.388556
RT-1,stale_inject@k=4+src=ground_truth,equal_budget,8,9,0.1606479,0.143812,0.1061778,0.2594175,0.7729989,0.2030282,0.6349803,0.8470184,23.970719,4.029054,21.152972,25.8545347,0.0420458,0.0438633,0.0262827,0.0717706,,,
RT-1,stale_inject@k=4+src=ground_truth,equal_budget,16,9,0.1686584,0.1461949,0.1137201,0.2684914,0.7677717,0.2004624,0.6310936,0.8411884,23.3229145,3.8897295,20.6428128,25.1546471,0.0444107,0.0440563,0.0279182,0.0742945,,,
RT-1,stale_inject@k=4+src=ground_truth,equal_budget,32,9,0.1820606,0.1513364,0.1265707,0.2849798,0.7559793,0.2003173,0.620656,0.8280653,22.6063859,3.7833615,20.0560721,24.5206752,0.0479898,0.0450942,0.0306608,0.0791083,,,
RT-1,stale_inject@k=4+src=ground_truth,equal_budget,48,9,0.1993198,0.1475929,0.1441035,0.3000505,0.7397088,0.1934167,0.6079756,0.8106906,21.7063759,3.4644122,19.4274727,23.5765062,0.0520786,0.0420935,0.0350763,0.0808805,,,
RT-1,stale_inject@k=4+src=ground_truth,equal_budget,64,9,0.21335,0.1444733,0.1568052,0.3122108,0.7246288,0.1906926,0.5946076,0.796651,21.0778602,3.3030698,18.7353492,22.812632,0.0559432,0.0415377,0.0391459,0.0844666,0.427067,0.614567,0.382078
RT-1,stale_inject@k=6+src=generated,equal_budget,8,9,0.1606479,0.143812,0.1060288,0.2590244,0.7729989,0.2030282,0.6350148,0.8473597,23.970719,4.029054,21.0811113,25.8315939,0.0420458,0.0438633,0.0262776,0.0717984,,,
RT-1,stale_inject@k=6+src=generated,equal_budget,16,9,0.1784076,0.1426695,0.1253798,0.2750484,0.7594956,0.1984693,0.6244945,0.8307834,22.4988138,3.5331807,20.0538204,24.1252413,0.0476836,0.0430068,0.0318071,0.077075,,,
RT-1,stale_inject@k=6+src=generated,equal_budget,32,9,0.203487,0.1432247,0.1518089,0.3002997,0.7391179,0.1930372,0.6093486,0.8066064,20.8323505,3.0906915,18.7452756,22.4037634,0.0549177,0.0419079,0.0387079,0.0835096,,,
RT-1,stale_inject@k=6+src=generated,equal_budget,48,9,0.2229054,0.1374853,0.1717585,0.3157575,0.7206947,0.1815843,0.5976154,0.7861317,19.8620192,2.8341296,17.9617288,21.4845217,0.0606959,0.0386826,0.0447117,0.0875923,,,
RT-1,stale_inject@k=6+src=generated,equal_budget,64,9,0.2367576,0.1355622,0.1834797,0.3292306,0.7045853,0.1805201,0.5810916,0.7731502,19.3065563,2.8299167,17.5029924,20.9257665,0.0653273,0.0393163,0.0482429,0.093066,0.172033,0.340278,0.250189
RT-1,stale_inject@k=6+src=ground_truth,equal_budget,8,9,0.1606479,0.143812,0.1060206,0.2587719,0.7729989,0.2030282,0.6354292,0.8472563,23.970719,4.029054,21.2237501,25.8590189,0.0420458,0.0438633,0.0262552,0.0717271,,,
RT-1,stale_inject@k=6+src=ground_truth,equal_budget,16,9,0.1766964,0.1381977,0.1252533,0.271337,0.7608679,0.1948365,0.6285611,0.8310682,22.5564623,3.3920634,20.2988755,24.1862273,0.0467177,0.0400605,0.0318202,0.0740102,,,
RT-1,stale_inject@k=6+src=ground_truth,equal_budget,32,9,0.195056,0.1357671,0.1447379,0.2873168,0.7452107,0.1887438,0.6182122,0.8132607,21.2449917,3.1025555,19.142687,22.880736,0.0521503,0.0382906,0.0366126,0.078069,,,
RT-1,stale_inject@k=6+src=ground_truth,equal_budget,48,9,0.2074038,0.1324399,0.1576727,0.2983095,0.7330342,0.1785609,0.6110969,0.7991079,20.6141036,3.0402281,18.6450388,22.2747705,0.0557198,0.0375049,0.0395827,0.0819215,,,
RT-1,stale_inject@k=6+src=ground_truth,equal_budget,64,9,0.2120566,0.1304641,0.161899,0.3026548,0.7261855,0.1741393,0.6078609,0.7905843,20.4121178,3.0014012,18.4328441,22.084032,0.0570287,0.0369313,0.0412282,0.0825775,0.573211,0.595478,0.346122
