dataset,case_id,baseline,lpips_auc_baseline,lpips_auc_recap,lpips_auc_gain_baseline_minus_recap,ssim_auc_gain_recap_minus_baseline,psnr_auc_gain_recap_minus_baseline
RT-1,train_eps_00000000,full_history,0.1436845,0.1234953,0.0201893,0.0145599,0.9762503
RT-1,train_eps_00000000,repeat_frame,0.1724274,0.1234953,0.0489321,-0.0116888,4.6247547
RT-1,train_eps_00000000,sliding_window_eq,0.1220469,0.1234953,-0.0014483,0.0005388,-0.1159346
RT-1,train_eps_00000000,anchor_uniform,0.1370374,0.1234953,0.0135422,0.0100601,0.8963138
RT-1,train_eps_00000000,stale_inject@k=2+src=generated,0.1239684,0.1234953,0.0004731,0.0003393,0.0796286
RT-1,train_eps_00000000,stale_inject@k=4+src=generated,0.1227914,0.1234953,-0.0007039,-0.0004672,-0.0398757
RT-1,train_eps_00000000,stale_inject@k=6+src=generated,0.1531171,0.1234953,0.0296218,0.0181261,1.3401471
RT-1,train_eps_00000000,stale_inject@k=2+src=ground_truth,0.1232531,0.1234953,-0.0002422,0.0003851,0.0274102
RT-1,train_eps_00000000,stale_inject@k=4+src=ground_truth,0.121813,0.1234953,-0.0016822,-0.0020331,-0.3926594
RT-1,train_eps_00000000,stale_inject@k=6+src=ground_truth,0.1452633,0.1234953,0.021768,0.013688,0.9913217
RT-1,train_eps_00000001,full_history,0.1708781,0.1319254,0.0389527,0.0431634,2.4696499
RT-1,train_eps_00000001,repeat_frame,0.1529192,0.1319254,0.0209939,-0.0223816,3.9669707
RT-1,train_eps_00000001,sliding_window_eq,0.1308318,0.1319254,-0.0010936,0.0015413,-0.0412588
RT-1,train_eps_00000001,anchor_uniform,0.1553586,0.1319254,0.0234332,0.0150617,1.9048571
RT-1,train_eps_00000001,stale_inject@k=2+src=generated,0.1323836,0.1319254,0.0004582,0.0002886,0.0275038
RT-1,train_eps_00000001,stale_inject@k=4+src=generated,0.1412973,0.1319254,0.009372,0.0062005,0.5105018
RT-1,train_eps_00000001,stale_inject@k=6+src=generated,0.1644743,0.1319254,0.0325489,0.0216994,2.294266
RT-1,train_eps_00000001,stale_inject@k=2+src=ground_truth,0.1302987,0.1319254,-0.0016267,0.000604,-0.172305
RT-1,train_eps_00000001,stale_inject@k=4+src=ground_truth,0.1404448,0.1319254,0.0085194,0.0052,0.4440839
RT-1,train_eps_00000001,stale_inject@k=6+src=ground_truth,0.1493917,0.1319254,0.0174663,0.0106704,1.3593928
RT-1,train_eps_00000007,full_history,0.1495851,0.129291,0.0202941,0.0274332,1.5183174
RT-1,train_eps_00000007,repeat_frame,0.1096333,0.129291,-0.0196577,-0.058532,4.3741316
RT-1,train_eps_00000007,sliding_window_eq,0.133695,0.129291,0.004404,0.0033224,0.4958669
RT-1,train_eps_00000007,anchor_uniform,0.1440276,0.129291,0.0147366,0.0137735,2.0136804
RT-1,train_eps_00000007,stale_inject@k=2+src=generated,0.1276655,0.129291,-0.0016254,-0.0011155,-0.1025216
RT-1,train_eps_00000007,stale_inject@k=4+src=generated,0.1331423,0.129291,0.0038513,0.0042531,0.6937755
RT-1,train_eps_00000007,stale_inject@k=6+src=generated,0.1500489,0.129291,0.020758,0.0201059,2.6003531
RT-1,train_eps_00000007,stale_inject@k=2+src=ground_truth,0.1303856,0.129291,0.0010946,0.0004941,0.2965733
RT-1,train_eps_00000007,stale_inject@k=4+src=ground_truth,0.1350861,0.129291,0.0057952,0.0065754,0.9832166
RT-1,train_eps_00000007,stale_inject@k=6+src=ground_truth,0.1432067,0.129291,0.0139158,0.0133326,2.1519829
RT-1,train_eps_00000015,full_history,0.1469395,0.1337904,0.013149,0.0104828,0.4466765
RT-1,train_eps_00000015,repeat_frame,0.1247301,0.1337904,-0.0090604,-0.0538997,1.9060693
RT-1,train_eps_00000015,sliding_window_eq,0.1295777,0.1337904,-0.0042128,-0.0012932,-0.0240662
RT-1,train_eps_00000015,anchor_uniform,0.1489989,0.1337904,0.0152085,0.011269,0.9304904
RT-1,train_eps_00000015,stale_inject@k=2+src=generated,0.1333184,0.1337904,-0.0004721,-0.0008275,-0.0104155
RT-1,train_eps_00000015,stale_inject@k=4+src=generated,0.1418342,0.1337904,0.0080438,0.0077892,0.6534545
RT-1,train_eps_00000015,stale_inject@k=6+src=generated,0.1536068,0.1337904,0.0198164,0.0150847,1.3642334
RT-1,train_eps_00000015,stale_inject@k=2+src=ground_truth,0.1332214,0.1337904,-0.000569,-0.0007235,-0.0204895
RT-1,train_eps_00000015,stale_inject@k=4+src=ground_truth,0.1390626,0.1337904,0.0052722,0.0061921,0.5570895
RT-1,train_eps_00000015,stale_inject@k=6+src=ground_truth,0.1586171,0.1337904,0.0248266,0.022439,1.4722598
RT-1,train_eps_00000023,full_history,0.1528792,0.1363327,0.0165465,0.0127543,1.5224539
RT-1,train_eps_00000023,repeat_frame,0.1276714,0.1363327,-0.0086612,-0.0507907,4.6168771
RT-1,train_eps_00000023,sliding_window_eq,0.1345098,0.1363327,-0.0018229,-0.0003213,-0.0888323
RT-1,train_eps_00000023,anchor_uniform,0.1415217,0.1363327,0.005189,0.0023668,0.7868802
RT-1,train_eps_00000023,stale_inject@k=2+src=generated,0.1349425,0.1363327,-0.0013902,-0.0013469,-0.0611424
RT-1,train_eps_00000023,stale_inject@k=4+src=generated,0.1359411,0.1363327,-0.0003916,-0.0036193,0.0666727
RT-1,train_eps_00000023,stale_inject@k=6+src=generated,0.1554098,0.1363327,0.0190771,0.0158517,2.7004955
RT-1,train_eps_00000023,stale_inject@k=2+src=ground_truth,0.1320659,0.1363327,-0.0042668,-0.0044999,-0.1459267
RT-1,train_eps_00000023,stale_inject@k=4+src=ground_truth,0.1345075,0.1363327,-0.0018251,-0.0046982,-0.0280368
RT-1,train_eps_00000023,stale_inject@k=6+src=ground_truth,0.1469195,0.1363327,0.0105868,0.0094422,1.8769436
RT-1,train_eps_00000048,full_history,0.1565022,0.1232226,0.0332796,0.0234187,1.028234
RT-1,train_eps_00000048,repeat_frame,0.1640155,0.1232226,0.0407929,-0.001202,4.5000481
RT-1,train_eps_00000048,sliding_window_eq,0.1267253,0.1232226,0.0035027,0.0023815,0.1752108
RT-1,train_eps_00000048,anchor_uniform,0.1385215,0.1232226,0.0152989,0.0137644,0.8309142
RT-1,train_eps_00000048,stale_inject@k=2+src=generated,0.1233963,0.1232226,0.0001737,-0.0004093,-0.0699132
RT-1,train_eps_00000048,stale_inject@k=4+src=generated,0.1346754,0.1232226,0.0114529,0.0097867,0.3981196
RT-1,train_eps_00000048,stale_inject@k=6+src=generated,0.1524584,0.1232226,0.0292359,0.026092,1.6049435
RT-1,train_eps_00000048,stale_inject@k=2+src=ground_truth,0.119953,0.1232226,-0.0032695,-0.0028949,-0.1459536
RT-1,train_eps_00000048,stale_inject@k=4+src=ground_truth,0.1321451,0.1232226,0.0089225,0.0078071,0.2939601
RT-1,train_eps_00000048,stale_inject@k=6+src=ground_truth,0.1365576,0.1232226,0.0133351,0.0103453,0.9935312
RT-1,train_eps_00000049,full_history,0.1755644,0.1567666,0.0187978,0.0310005,0.9085242
RT-1,train_eps_00000049,repeat_frame,0.16318,0.1567666,0.0064134,-0.0248598,2.2542347
RT-1,train_eps_00000049,sliding_window_eq,0.156373,0.1567666,-0.0003935,0.000124,0.0901191
RT-1,train_eps_00000049,anchor_uniform,0.1655666,0.1567666,0.0088,0.0085167,1.1314886
RT-1,train_eps_00000049,stale_inject@k=2+src=generated,0.1566921,0.1567666,-7.45e-05,-0.0002466,0.1356453
RT-1,train_eps_00000049,stale_inject@k=4+src=generated,0.1608875,0.1567666,0.0041209,0.002881,0.2603645
RT-1,train_eps_00000049,stale_inject@k=6+src=generated,0.1826928,0.1567666,0.0259263,0.0254656,2.2143782
RT-1,train_eps_00000049,stale_inject@k=2+src=ground_truth,0.1562715,0.1567666,-0.000495,-0.0012191,-0.0246316
RT-1,train_eps_00000049,stale_inject@k=4+src=ground_truth,0.1594696,0.1567666,0.002703,0.0010233,0.190719
RT-1,train_eps_00000049,stale_inject@k=6+src=ground_truth,0.1722649,0.1567666,0.0154984,0.0155187,1.8845862
RT-1,train_eps_00000052,full_history,0.5809601,0.5807073,0.0002529,0.0005544,-0.1550413
RT-1,train_eps_00000052,repeat_frame,0.6153147,0.5807073,0.0346074,0.0250615,0.4410213
RT-1,train_eps_00000052,sliding_window_eq,0.5770934,0.5807073,-0.0036138,-0.0023253,-0.3252325
RT-1,train_eps_00000052,anchor_uniform,0.5793581,0.5807073,-0.0013491,-0.000217,-0.0962948
RT-1,train_eps_00000052,stale_inject@k=2+src=generated,0.5792933,0.5807073,-0.0014139,-0.001863,0.0025188
RT-1,train_eps_00000052,stale_inject@k=4+src=generated,0.5798169,0.5807073,-0.0008904,0.0021788,0.0792054
RT-1,train_eps_00000052,stale_inject@k=6+src=generated,0.5783473,0.5807073,-0.00236,-0.0027766,-0.0099097
RT-1,train_eps_00000052,stale_inject@k=2+src=ground_truth,0.578331,0.5807073,-0.0023763,-0.0010497,-0.0155885
RT-1,train_eps_00000052,stale_inject@k=4+src=ground_truth,0.5791834,0.5807073,-0.0015239,0.001569,0.0119539
RT-1,train_eps_00000052,stale_inject@k=6+src=ground_truth,0.5535426,0.5807073,-0.0271647,-0.0217595,-0.4422714
RT-1,train_eps_00000061,full_history,0.1573945,0.1374676,0.0199269,0.0233483,1.2957097
RT-1,train_eps_00000061,repeat_frame,0.1644481,0.1374676,0.0269805,-0.0003007,5.3467926
RT-1,train_eps_00000061,sliding_window_eq,0.1379642,0.1374676,0.0004966,0.0017113,-0.2448591
RT-1,train_eps_00000061,anchor_uniform,0.1491547,0.1374676,0.0116871,0.0101264,0.4238159
RT-1,train_eps_00000061,stale_inject@k=2+src=generated,0.137786,0.1374676,0.0003184,0.0008621,0.1367657
RT-1,train_eps_00000061,stale_inject@k=4+src=generated,0.1407752,0.1374676,0.0033076,0.0019355,0.0324755
RT-1,train_eps_00000061,stale_inject@k=6+src=generated,0.1580301,0.1374676,0.0205625,0.019746,1.2042007
RT-1,train_eps_00000061,stale_inject@k=2+src=ground_truth,0.1365767,0.1374676,-0.0008909,-0.0008523,0.0136386
RT-1,train_eps_00000061,stale_inject@k=4+src=ground_truth,0.1418307,0.1374676,0.0043631,0.0037768,0.0816165
RT-1,train_eps_00000061,stale_inject@k=6+src=ground_truth,0.1458226,0.1374676,0.0083551,0.0079024,0.4977372
