dataset,case_id,lpips_gain,ssim_gain,psnr_gain,recap_lpips_auc,full_lpips_auc,recap_ssim_auc,full_ssim_auc
RT-1,train_eps_00000000,0.0201886,0.0145599,0.97625,0.1234649,0.1436535,0.8266176,0.8120576
RT-1,train_eps_00000001,0.0389604,0.0431634,2.46965,0.1319398,0.1709002,0.8267095,0.7835462
RT-1,train_eps_00000007,0.0202919,0.0274332,1.5183173,0.1292717,0.1495636,0.8124928,0.7850596
RT-1,train_eps_00000015,0.013137,0.0104829,0.4466763,0.133821,0.146958,0.8090918,0.7986089
RT-1,train_eps_00000023,0.0165397,0.0127543,1.5224537,0.1363297,0.1528694,0.8196036,0.8068494
RT-1,train_eps_00000048,0.0332748,0.0234187,1.0282337,0.1232236,0.1564984,0.8255752,0.8021564
RT-1,train_eps_00000049,0.0187951,0.0310005,0.9085245,0.1567781,0.1755732,0.8172054,0.7862049
RT-1,train_eps_00000052,0.0002524,0.0005544,-0.1550412,0.5807133,0.5809657,0.2275468,0.2269924
RT-1,train_eps_00000061,0.019927,0.0233483,1.2957099,0.1374647,0.1573917,0.8159206,0.7925723
CALVIN,C01,0.0143711,0.0116471,nan,0.0622761,0.0766472,0.9120821,0.900435
CALVIN,C02,0.0437443,0.0245452,nan,0.1001893,0.1439336,0.8625353,0.83799
CALVIN,C03,0.0427388,0.0328577,nan,0.1034012,0.1461401,0.8696542,0.8367965
CALVIN,C04,0.0515059,0.0348277,nan,0.0713115,0.1228174,0.9017361,0.8669083
CALVIN,C05,0.012821,0.0117922,nan,0.0922121,0.1050331,0.8753225,0.8635302
CALVIN,C06,0.0395488,0.0198484,nan,0.0738112,0.1133599,0.8887951,0.8689467
CALVIN,C07,0.0280525,0.0245883,nan,0.0817084,0.1097609,0.8957366,0.8711483
CALVIN,C08,0.042768,0.0241268,nan,0.0693442,0.1121121,0.8947545,0.8706277
CALVIN,C09,0.0059638,0.0013494,nan,0.088138,0.0941018,0.884785,0.8834356
CALVIN,C10,0.0032254,0.0010668,nan,0.1076652,0.1108906,0.8557989,0.8547321
CALVIN,C11,0.0463578,0.0328712,nan,0.080534,0.1268919,0.8948432,0.861972
CALVIN,C12,0.065976,0.0521836,nan,0.0743543,0.1403303,0.9057249,0.8535412
CALVIN,C13,0.0261087,0.0180341,nan,0.083244,0.1093526,0.904672,0.8866379
CALVIN,C14,0.0224069,0.0077443,nan,0.0795548,0.1019617,0.8792727,0.8715284
CALVIN,C15,0.0421899,0.0268869,nan,0.0640407,0.1062306,0.9081804,0.8812935
CALVIN,C16,0.0377656,0.0306401,nan,0.0965982,0.1343638,0.8883387,0.8576986
LIBERO-90,L011,0.0168768,0.0241316,1.2411705,0.1263418,0.1432186,0.8521268,0.8279953
LIBERO-90,L012,0.0103718,0.0162534,0.0795432,0.1221843,0.1325561,0.8563489,0.8400955
LIBERO-90,L021,0.0257429,0.029013,0.9087372,0.1266691,0.1524119,0.8659017,0.8368888
LIBERO-90,L022,0.0316435,0.0311909,0.6784698,0.1084483,0.1400918,0.8795799,0.8483891
LIBERO-90,L031,0.0002581,0.0084991,-0.2276292,0.1953446,0.1956027,0.7996559,0.7911568
LIBERO-90,L032,0.0079424,0.0112625,-0.181749,0.1631116,0.1710539,0.8293781,0.8181156
LIBERO-90,L041,0.0176038,0.0236201,0.3729134,0.1300712,0.147675,0.8420202,0.8184001
LIBERO-90,L042,0.017266,0.0245937,0.5004285,0.1105334,0.1277995,0.8508248,0.8262311
LIBERO-90,L051,0.0079198,0.0122191,-0.1161626,0.1324778,0.1403976,0.8272479,0.8150289
LIBERO-90,L052,0.0038676,0.0065038,-0.3283789,0.1712265,0.175094,0.7958674,0.7893636
LIBERO-90,L061,0.0418402,0.0406434,3.4087604,0.0995598,0.1413999,0.9000843,0.8594409
LIBERO-90,L062,0.0317252,0.0329324,2.8366582,0.1017462,0.1334714,0.8975354,0.8646031
LIBERO-90,L071,0.0003078,0.0007019,-0.5655463,0.1422471,0.142555,0.8538264,0.8531244
LIBERO-90,L072,0.0115594,0.0126989,0.5069224,0.1450797,0.1566391,0.8723185,0.8596196
LIBERO-90,L081,0.029038,0.0179735,0.9017323,0.1502103,0.1792483,0.8321558,0.8141822
LIBERO-90,L082,0.0328254,0.0264007,3.075189,0.0860591,0.1188845,0.9086194,0.8822187
LIBERO-90,L091,0.0157855,0.0180351,2.0131397,0.0877408,0.1035263,0.8956185,0.8775834
LIBERO-90,L092,0.0096721,0.0093672,0.6837875,0.0996692,0.1093413,0.8828198,0.8734526
