dataset,method,horizon,case_count,lpips_mean,lpips_std,lpips_ci95_low,lpips_ci95_high,ssim_mean,ssim_std,ssim_ci95_low,ssim_ci95_high,psnr_db_mean,psnr_db_std,psnr_db_ci95_low,psnr_db_ci95_high,mae_mean,mae_std,mae_ci95_low,mae_ci95_high,normalized_progress_pct
RT-1,full_history,8,9,0.1613068,0.1446155,0.1073304,0.2595765,0.7717268,0.2057565,0.6319748,0.8466529,23.9898215,3.9366253,21.2476481,25.8256721,0.0415569,0.042444,0.0262875,0.0703364,
RT-1,full_history,16,9,0.1788341,0.1445779,0.1239255,0.277932,0.7572049,0.2015829,0.6203079,0.8300819,22.577712,3.5364144,20.0717056,24.2909963,0.0476514,0.0418817,0.0312507,0.0762539,
RT-1,full_history,32,9,0.2027472,0.14534,0.1502382,0.3013282,0.7349724,0.1931827,0.6045238,0.8037324,21.4224354,3.2281024,19.2118025,23.0335958,0.0556185,0.0428042,0.0389117,0.085282,
RT-1,full_history,48,9,0.2197109,0.1380679,0.1683812,0.3135766,0.7170882,0.1802393,0.5934705,0.7841937,20.74808,2.8928428,18.7939376,22.2393356,0.05996,0.0383063,0.0444298,0.0868386,
RT-1,full_history,64,9,0.2329144,0.138122,0.177956,0.3270138,0.7029119,0.1792069,0.5793023,0.7734534,20.3504015,2.9093439,18.3741327,21.8902883,0.0635542,0.0387541,0.0472072,0.0903738,
RT-1,recap,8,9,0.1606244,0.1438206,0.1064916,0.2580331,0.773035,0.2030403,0.635596,0.8473844,23.9753769,4.0306307,21.1344717,25.8825471,0.0420376,0.0438665,0.0262519,0.0718378,
RT-1,recap,16,9,0.1681722,0.1462287,0.1129573,0.2679037,0.7680238,0.2004673,0.6316976,0.8416433,23.3448555,3.8995808,20.6689746,25.1865082,0.0443149,0.0440529,0.027769,0.0743303,
RT-1,recap,32,9,0.1803889,0.1519269,0.1253264,0.2838731,0.7577399,0.1995164,0.6228975,0.82868,22.8030611,3.7922906,20.1196342,24.6493107,0.0471836,0.0450411,0.0301725,0.077865,
RT-1,recap,48,9,0.1940779,0.150716,0.1390186,0.296358,0.7439925,0.1939809,0.6129399,0.8125521,22.0850535,3.4442085,19.5886894,23.8019034,0.0500833,0.0430027,0.0337248,0.0797777,
RT-1,recap,64,9,0.2041678,0.1491187,0.1477924,0.3060618,0.731909,0.1932441,0.600411,0.8019907,21.557868,3.3056772,19.298983,23.2000758,0.053068,0.0433552,0.0365654,0.0824677,
CALVIN,full_history,8,16,0.0517653,0.0085758,0.0478868,0.0560366,0.923731,0.0105597,0.9184867,0.9285701,27.4517401,0.9977091,26.9761135,27.9168363,0.0165568,0.0018728,0.0156874,0.0174387,12.5
CALVIN,full_history,16,16,0.07025,0.0131931,0.0641777,0.0766079,0.9022619,0.0144706,0.8951494,0.9087932,25.5424687,1.1314679,24.9913721,26.0705214,0.0221735,0.00328,0.0207045,0.0238071,25.0
CALVIN,full_history,32,16,0.117683,0.0210954,0.1076954,0.1277963,0.8636448,0.0190095,0.8546664,0.8726754,22.1363494,1.0774457,21.6366829,22.6494924,0.0393953,0.0063348,0.0364411,0.0423758,50.0
CALVIN,full_history,48,16,0.1427025,0.0250806,0.1307412,0.1545972,0.8455074,0.0203498,0.8360716,0.855113,20.5875777,1.0233199,20.1022245,21.098466,0.0479206,0.0076475,0.0442621,0.0514606,75.0
CALVIN,full_history,64,16,0.1590647,0.0264874,0.1465514,0.1721682,0.8333469,0.0203973,0.8239867,0.842781,19.6935069,0.9750406,19.2457494,20.170351,0.0534546,0.0080251,0.0496109,0.0571924,100.0
CALVIN,recap,8,16,0.0523149,0.0087534,0.048444,0.056583,0.9225879,0.0107447,0.9172507,0.9273696,27.3236743,1.0864044,26.8212893,27.8479759,0.01674,0.0019664,0.0158111,0.0176721,12.5
CALVIN,recap,16,16,0.0632939,0.0119732,0.0577683,0.0693163,0.9087979,0.0140404,0.9018437,0.9150933,26.1037628,1.2493147,25.4958823,26.6718454,0.0195244,0.002976,0.0181485,0.0210426,25.0
CALVIN,recap,32,16,0.0820478,0.0162234,0.0744326,0.0897161,0.8887091,0.0192527,0.8791399,0.897607,24.4305357,1.5225021,23.6807639,25.1561218,0.0244821,0.004819,0.0222944,0.0268034,50.0
CALVIN,recap,48,16,0.0949606,0.0162366,0.0873154,0.1027878,0.8767684,0.0195152,0.8673999,0.8856044,23.4626954,1.4472235,22.7648434,24.1174414,0.0276199,0.0052036,0.0252424,0.0301057,75.0
CALVIN,recap,64,16,0.1060526,0.0145227,0.0995193,0.113194,0.8667805,0.0181609,0.8580038,0.8752797,22.6656376,1.2593117,22.0617427,23.2330223,0.0306215,0.0052789,0.028269,0.0333324,100.0
LIBERO-90,full_history,8,18,0.0754579,0.0172598,0.0682561,0.0833794,0.9035449,0.0242511,0.8923366,0.914384,24.2839661,3.2408389,22.7698839,25.7083911,0.0258264,0.0088056,0.0221421,0.0299396,
LIBERO-90,full_history,16,18,0.0996211,0.023062,0.0897421,0.1105817,0.8790263,0.0259022,0.8675317,0.8898881,22.1365547,3.2020172,20.655995,23.4676042,0.0345793,0.0123404,0.029353,0.0400871,
LIBERO-90,full_history,32,18,0.145968,0.0255673,0.1351097,0.1577101,0.8357668,0.0302764,0.8224377,0.8494364,19.5829265,2.8547955,18.2548961,20.8607173,0.0562239,0.0181068,0.0483204,0.0641307,
LIBERO-90,full_history,48,18,0.1719988,0.0277869,0.1590716,0.1843605,0.8153157,0.0313502,0.8013536,0.8295802,18.4222012,2.597693,17.2621082,19.6291526,0.0663376,0.0198584,0.0576545,0.0750144,
LIBERO-90,full_history,64,18,0.192282,0.0294571,0.1780408,0.204421,0.7981468,0.0306537,0.7850826,0.812052,17.570807,2.323588,16.5450283,18.6164545,0.073529,0.0191196,0.065123,0.08166,
LIBERO-90,recap,8,18,0.0747616,0.0175743,0.0675435,0.0830831,0.9045119,0.0246838,0.8930073,0.9154983,24.4595165,3.261338,23.0194088,25.931974,0.0254232,0.0087779,0.0217394,0.0295467,
LIBERO-90,recap,16,18,0.0954603,0.0245292,0.0853854,0.107066,0.8844403,0.0291458,0.8712927,0.8974045,22.6113915,3.5605741,21.0160779,24.1961622,0.0324055,0.0129307,0.0269309,0.0386598,
LIBERO-90,recap,32,18,0.1259452,0.0304619,0.1128386,0.139858,0.8586657,0.0346072,0.8427323,0.873474,20.5615482,3.7470727,18.8917316,22.236264,0.042844,0.0182523,0.0350051,0.0512975,
LIBERO-90,recap,48,18,0.1475027,0.03556,0.1319291,0.163426,0.8414438,0.0379435,0.824043,0.8579699,19.5487009,3.9093213,17.8829069,21.368197,0.0499273,0.0207382,0.0410122,0.0593791,
LIBERO-90,recap,64,18,0.16648,0.0388062,0.1491633,0.1839849,0.8260595,0.0381556,0.8090602,0.8430668,18.7003062,3.7635021,17.1027265,20.3931649,0.0564164,0.0212637,0.0467356,0.066084,
