dataset,case_id,method,horizon,aggregation,lpips,late8_lpips,ssim,late8_ssim,psnr_db,late8_psnr_db,mae,late8_mae
LIBERO-90,L011,full_history,8,prefix_mean_t1_to_tH,0.0710735,0.0710735,0.8963168,0.8963168,22.726959,22.726959,0.0286041,0.0286041
LIBERO-90,L011,full_history,16,prefix_mean_t1_to_tH,0.0945301,0.1179867,0.8746945,0.8530721,20.30529,17.883621,0.0375379,0.0464716
LIBERO-90,L011,full_history,32,prefix_mean_t1_to_tH,0.144951,0.2196743,0.8241615,0.7492491,17.951644,14.7955815,0.0667488,0.1131529
LIBERO-90,L011,full_history,48,prefix_mean_t1_to_tH,0.172265,0.2348434,0.8011876,0.7507963,16.8713503,14.6084579,0.0814277,0.111494
LIBERO-90,L011,full_history,64,prefix_mean_t1_to_tH,0.190766,0.2461026,0.7850688,0.735587,16.2721516,14.3812366,0.0882577,0.1100307
LIBERO-90,L011,recap,8,prefix_mean_t1_to_tH,0.0624293,0.0624293,0.9094288,0.9094288,24.4713328,24.4713328,0.0235858,0.0235858
LIBERO-90,L011,recap,16,prefix_mean_t1_to_tH,0.0809598,0.0994902,0.8887942,0.8681596,22.0428188,19.6143048,0.0306573,0.0377289
LIBERO-90,L011,recap,32,prefix_mean_t1_to_tH,0.1235863,0.1844764,0.8542419,0.8053712,19.3164549,15.8915375,0.0443866,0.0649598
LIBERO-90,L011,recap,48,prefix_mean_t1_to_tH,0.1549202,0.227781,0.8281439,0.7698622,17.7933601,14.5303459,0.0560563,0.0822134
LIBERO-90,L011,recap,64,prefix_mean_t1_to_tH,0.1747251,0.232232,0.8122105,0.7660822,16.908224,14.2823235,0.0635801,0.0860021
LIBERO-90,L012,full_history,8,prefix_mean_t1_to_tH,0.0596369,0.0596369,0.9154576,0.9154576,25.1452305,25.1452305,0.0204621,0.0204621
LIBERO-90,L012,full_history,16,prefix_mean_t1_to_tH,0.0847033,0.1097697,0.8887975,0.8621375,21.8744301,18.6036296,0.0309239,0.0413856
LIBERO-90,L012,full_history,32,prefix_mean_t1_to_tH,0.13462,0.2023099,0.8357895,0.7652453,18.8021856,15.0921578,0.0610697,0.1035577
LIBERO-90,L012,full_history,48,prefix_mean_t1_to_tH,0.1617342,0.2223058,0.8114689,0.7557491,17.5492367,14.9302839,0.0742266,0.1016013
LIBERO-90,L012,full_history,64,prefix_mean_t1_to_tH,0.1783114,0.2307812,0.7952269,0.7396262,16.9040175,14.7341373,0.0800033,0.0994801
LIBERO-90,L012,recap,8,prefix_mean_t1_to_tH,0.0595174,0.0595174,0.9159606,0.9159606,25.2126524,25.2126524,0.0202451,0.0202451
LIBERO-90,L012,recap,16,prefix_mean_t1_to_tH,0.0819362,0.1043551,0.8907821,0.8656036,22.0128634,18.8130744,0.0301209,0.0399968
LIBERO-90,L012,recap,32,prefix_mean_t1_to_tH,0.1210793,0.1734561,0.8557086,0.8112489,18.9551025,15.4096149,0.0452664,0.065291
LIBERO-90,L012,recap,48,prefix_mean_t1_to_tH,0.1481453,0.2090751,0.8338712,0.7852829,17.583323,14.7449064,0.0545192,0.0746895
LIBERO-90,L012,recap,64,prefix_mean_t1_to_tH,0.1641781,0.2123497,0.8211292,0.7800851,16.8454525,14.5363406,0.0598758,0.077026
LIBERO-90,L021,full_history,8,prefix_mean_t1_to_tH,0.0739116,0.0739116,0.9050112,0.9050112,23.3977246,23.3977246,0.024145,0.024145
LIBERO-90,L021,full_history,16,prefix_mean_t1_to_tH,0.0989105,0.1239094,0.8838413,0.8626713,21.5767773,19.75583,0.0310986,0.0380523
LIBERO-90,L021,full_history,32,prefix_mean_t1_to_tH,0.1560267,0.228125,0.8328922,0.7714946,18.640636,15.3151741,0.0596657,0.0972934
LIBERO-90,L021,full_history,48,prefix_mean_t1_to_tH,0.1837712,0.2432777,0.8104677,0.763333,17.5461643,15.3113778,0.0715663,0.0944564
LIBERO-90,L021,full_history,64,prefix_mean_t1_to_tH,0.2019663,0.2727076,0.793234,0.7191642,16.7035911,13.6374091,0.0796349,0.112324
LIBERO-90,L021,recap,8,prefix_mean_t1_to_tH,0.0719243,0.0719243,0.9065474,0.9065474,23.9998336,23.9998336,0.0229423,0.0229423
LIBERO-90,L021,recap,16,prefix_mean_t1_to_tH,0.0930535,0.1141826,0.8912465,0.8759457,22.1499131,20.2999926,0.0289867,0.0350311
LIBERO-90,L021,recap,32,prefix_mean_t1_to_tH,0.1240209,0.1667506,0.8727034,0.8439162,19.9758427,17.3079433,0.0379954,0.0511079
LIBERO-90,L021,recap,48,prefix_mean_t1_to_tH,0.1483968,0.2018214,0.8483906,0.7942172,18.5186879,15.3273669,0.0491728,0.0757615
LIBERO-90,L021,recap,64,prefix_mean_t1_to_tH,0.166306,0.2261808,0.8289806,0.7605418,17.2885327,13.119601,0.0612817,0.1038442
LIBERO-90,L022,full_history,8,prefix_mean_t1_to_tH,0.0651088,0.0651088,0.9140651,0.9140651,23.7052979,23.7052979,0.0222543,0.0222543
LIBERO-90,L022,full_history,16,prefix_mean_t1_to_tH,0.0820181,0.0989275,0.9013879,0.8887107,22.2988042,20.8923104,0.02694,0.0316256
LIBERO-90,L022,full_history,32,prefix_mean_t1_to_tH,0.1414154,0.2252191,0.8468335,0.7746305,19.3363245,15.8813581,0.0536961,0.0890485
LIBERO-90,L022,full_history,48,prefix_mean_t1_to_tH,0.1728213,0.2361131,0.8201685,0.7630876,18.1318363,15.6837553,0.0663256,0.0901481
LIBERO-90,L022,full_history,64,prefix_mean_t1_to_tH,0.1965876,0.2741469,0.7956052,0.7100291,17.106695,13.4020573,0.0754014,0.1115747
LIBERO-90,L022,recap,8,prefix_mean_t1_to_tH,0.0651558,0.0651558,0.9139353,0.9139353,23.6960559,23.6960559,0.0222936,0.0222936
LIBERO-90,L022,recap,16,prefix_mean_t1_to_tH,0.0781777,0.0911996,0.9043667,0.8947981,22.3248438,20.9536316,0.0264846,0.0306755
LIBERO-90,L022,recap,32,prefix_mean_t1_to_tH,0.1043459,0.1435504,0.887866,0.8597759,20.4164677,18.1509898,0.0344519,0.0451489
LIBERO-90,L022,recap,48,prefix_mean_t1_to_tH,0.1292844,0.1868,0.8612316,0.7938443,18.9483009,15.485345,0.0453046,0.0740569
LIBERO-90,L022,recap,64,prefix_mean_t1_to_tH,0.1420332,0.1770412,0.8453468,0.8015743,18.0283293,15.0074673,0.0519045,0.0721402
LIBERO-90,L031,full_history,8,prefix_mean_t1_to_tH,0.1215906,0.1215906,0.8622768,0.8622768,19.5188253,19.5188253,0.0385076,0.0385076
LIBERO-90,L031,full_history,16,prefix_mean_t1_to_tH,0.1566181,0.1916456,0.8328431,0.8034094,17.4790119,15.4391985,0.0548297,0.0711517
LIBERO-90,L031,full_history,32,prefix_mean_t1_to_tH,0.1975223,0.2528292,0.7855704,0.7336798,15.4114764,13.1650662,0.0838298,0.1201156
LIBERO-90,L031,full_history,48,prefix_mean_t1_to_tH,0.2201114,0.2712759,0.7666093,0.7233118,14.6264467,13.1811208,0.0948954,0.1119254
LIBERO-90,L031,full_history,64,prefix_mean_t1_to_tH,0.2382291,0.2977576,0.753335,0.7097022,14.2120174,12.7715991,0.1001736,0.1228246
LIBERO-90,L031,recap,8,prefix_mean_t1_to_tH,0.1218191,0.1218191,0.8605789,0.8605789,19.4729233,19.4729233,0.0386741,0.0386741
LIBERO-90,L031,recap,16,prefix_mean_t1_to_tH,0.1555373,0.1892555,0.8340014,0.807424,17.5720186,15.6711138,0.0518305,0.0649869
LIBERO-90,L031,recap,32,prefix_mean_t1_to_tH,0.1937781,0.2426871,0.7997255,0.756511,15.2057973,12.2645026,0.0750391,0.1062904
LIBERO-90,L031,recap,48,prefix_mean_t1_to_tH,0.2207207,0.289676,0.7776603,0.7253518,14.2190163,12.3643643,0.0866626,0.1092462
LIBERO-90,L031,recap,64,prefix_mean_t1_to_tH,0.2441992,0.3202921,0.7615285,0.7093329,13.7282733,12.0582545,0.0937991,0.1198989
LIBERO-90,L032,full_history,8,prefix_mean_t1_to_tH,0.1028264,0.1028264,0.890112,0.890112,20.0968142,20.0968142,0.0375654,0.0375654
LIBERO-90,L032,full_history,16,prefix_mean_t1_to_tH,0.124656,0.1464855,0.8663368,0.8425616,17.7103743,15.3239344,0.0503609,0.0631565
LIBERO-90,L032,full_history,32,prefix_mean_t1_to_tH,0.1713598,0.2341205,0.8117236,0.7483563,15.7000866,13.4729731,0.077095,0.1119341
LIBERO-90,L032,full_history,48,prefix_mean_t1_to_tH,0.199557,0.262518,0.7905891,0.742255,15.0375172,13.6194795,0.0879246,0.1085256
LIBERO-90,L032,full_history,64,prefix_mean_t1_to_tH,0.2171468,0.2784971,0.7776227,0.7291692,14.7035607,13.4502971,0.0922287,0.1107715
LIBERO-90,L032,recap,8,prefix_mean_t1_to_tH,0.1025372,0.1025372,0.8904459,0.8904459,20.1385176,20.1385176,0.0367645,0.0367645
LIBERO-90,L032,recap,16,prefix_mean_t1_to_tH,0.1243362,0.1461351,0.8671299,0.8438139,17.6952395,15.2519615,0.0504467,0.0641289
LIBERO-90,L032,recap,32,prefix_mean_t1_to_tH,0.1584823,0.2085058,0.8299133,0.7810407,15.5536111,13.1111373,0.0686883,0.091944
LIBERO-90,L032,recap,48,prefix_mean_t1_to_tH,0.189135,0.2604133,0.8046674,0.7467747,14.7286719,12.8861716,0.0785208,0.1026274
LIBERO-90,L032,recap,64,prefix_mean_t1_to_tH,0.2087734,0.2756739,0.7905675,0.7383158,14.3438096,12.9166311,0.0836173,0.1035187
LIBERO-90,L041,full_history,8,prefix_mean_t1_to_tH,0.0626008,0.0626008,0.9039768,0.9039768,23.6758387,23.6758387,0.0239669,0.0239669
LIBERO-90,L041,full_history,16,prefix_mean_t1_to_tH,0.0729025,0.0832042,0.8898917,0.8758067,22.6891392,21.7024398,0.030381,0.0367952
LIBERO-90,L041,full_history,32,prefix_mean_t1_to_tH,0.1568926,0.2661468,0.804544,0.7048545,18.3719223,13.5178285,0.0712105,0.1216064
LIBERO-90,L041,full_history,48,prefix_mean_t1_to_tH,0.1881691,0.2466693,0.7824593,0.7376421,16.9507708,14.2044625,0.0827586,0.1024145
LIBERO-90,L041,full_history,64,prefix_mean_t1_to_tH,0.2029478,0.248886,0.7679684,0.7219359,16.1557384,13.7241199,0.0887067,0.10933
LIBERO-90,L041,recap,8,prefix_mean_t1_to_tH,0.0626008,0.0626008,0.9039768,0.9039768,23.6758387,23.6758387,0.0239669,0.0239669
LIBERO-90,L041,recap,16,prefix_mean_t1_to_tH,0.0701024,0.0776039,0.894522,0.8850672,22.8399863,22.0041339,0.0271675,0.0303681
LIBERO-90,L041,recap,32,prefix_mean_t1_to_tH,0.1332622,0.2225561,0.8372834,0.7553353,18.9098298,13.9248929,0.0504667,0.0874729
LIBERO-90,L041,recap,48,prefix_mean_t1_to_tH,0.1649379,0.2249683,0.8121518,0.7663998,17.3167219,14.4476415,0.0615587,0.080154
LIBERO-90,L041,recap,64,prefix_mean_t1_to_tH,0.1776445,0.2178013,0.8014998,0.7684421,16.7321442,14.7620862,0.0648897,0.0768645
LIBERO-90,L042,full_history,8,prefix_mean_t1_to_tH,0.0754838,0.0754838,0.882345,0.882345,21.4150414,21.4150414,0.0307117,0.0307117
LIBERO-90,L042,full_history,16,prefix_mean_t1_to_tH,0.086628,0.0977721,0.8673266,0.8523082,20.3689296,19.3228178,0.0368481,0.0429845
LIBERO-90,L042,full_history,32,prefix_mean_t1_to_tH,0.1164484,0.1715259,0.8293385,0.7772032,18.7014938,16.0763057,0.0580022,0.0859283
LIBERO-90,L042,full_history,48,prefix_mean_t1_to_tH,0.1572364,0.2460635,0.7995567,0.730432,17.2089693,13.5813096,0.0731759,0.1079749
LIBERO-90,L042,full_history,64,prefix_mean_t1_to_tH,0.1795427,0.2496723,0.7836648,0.7290583,16.3895559,13.5149678,0.0806554,0.1072988
LIBERO-90,L042,recap,8,prefix_mean_t1_to_tH,0.0754838,0.0754838,0.882345,0.882345,21.4150414,21.4150414,0.0307117,0.0307117
LIBERO-90,L042,recap,16,prefix_mean_t1_to_tH,0.0843174,0.0931509,0.8710745,0.8598041,20.4169817,19.4189219,0.0339237,0.0371357
LIBERO-90,L042,recap,32,prefix_mean_t1_to_tH,0.0960259,0.1318152,0.860543,0.8307554,19.5967953,17.1774199,0.0379509,0.050432
LIBERO-90,L042,recap,48,prefix_mean_t1_to_tH,0.1314531,0.2193852,0.8344397,0.7652788,17.8286475,13.2768276,0.0521889,0.0928722
LIBERO-90,L042,recap,64,prefix_mean_t1_to_tH,0.154558,0.2223634,0.818024,0.7736394,16.7905179,14.0242281,0.0609917,0.0828508
LIBERO-90,L051,full_history,8,prefix_mean_t1_to_tH,0.0893141,0.0893141,0.8665036,0.8665036,19.598206,19.598206,0.0411791,0.0411791
LIBERO-90,L051,full_history,16,prefix_mean_t1_to_tH,0.1111137,0.1329132,0.8465747,0.8266458,17.7722512,15.9462965,0.0514418,0.0617044
LIBERO-90,L051,full_history,32,prefix_mean_t1_to_tH,0.1417081,0.1812997,0.8143422,0.7662813,16.3862861,14.775033,0.0750402,0.1084371
LIBERO-90,L051,full_history,48,prefix_mean_t1_to_tH,0.1554185,0.1876106,0.7973401,0.7529047,15.9239876,14.9678637,0.0837298,0.099679
LIBERO-90,L051,full_history,64,prefix_mean_t1_to_tH,0.1772023,0.2628334,0.7787235,0.7056793,15.4890932,13.7405815,0.0911086,0.1217191
LIBERO-90,L051,recap,8,prefix_mean_t1_to_tH,0.0892117,0.0892117,0.8665253,0.8665253,19.6000841,19.6000841,0.0411375,0.0411375
LIBERO-90,L051,recap,16,prefix_mean_t1_to_tH,0.1107202,0.1322287,0.8467647,0.8270041,17.747472,15.8948599,0.0510322,0.0609269
LIBERO-90,L051,recap,32,prefix_mean_t1_to_tH,0.1314894,0.1553342,0.8289435,0.8074448,16.3617992,14.8294348,0.0605007,0.071895
LIBERO-90,L051,recap,48,prefix_mean_t1_to_tH,0.1436132,0.1768799,0.8155717,0.7758667,15.7210963,14.2699826,0.0662378,0.0807206
LIBERO-90,L051,recap,64,prefix_mean_t1_to_tH,0.1664532,0.2504264,0.7982953,0.741879,15.1669412,13.2598629,0.0739838,0.1014256
LIBERO-90,L052,full_history,8,prefix_mean_t1_to_tH,0.0922795,0.0922795,0.8557581,0.8557581,19.7529925,19.7529925,0.0433348,0.0433348
LIBERO-90,L052,full_history,16,prefix_mean_t1_to_tH,0.1351279,0.1779763,0.8214331,0.7871081,17.0540495,14.3551065,0.0620669,0.0807991
LIBERO-90,L052,full_history,32,prefix_mean_t1_to_tH,0.1785962,0.231216,0.7855031,0.7379217,15.4379181,13.6045794,0.0868604,0.1215224
LIBERO-90,L052,full_history,48,prefix_mean_t1_to_tH,0.201771,0.2512727,0.7681318,0.7317371,14.8744037,13.9462769,0.0972528,0.1137102
LIBERO-90,L052,full_history,64,prefix_mean_t1_to_tH,0.2160921,0.2666305,0.7582468,0.7195327,14.7083461,13.5751841,0.100378,0.1173064
LIBERO-90,L052,recap,8,prefix_mean_t1_to_tH,0.0919789,0.0919789,0.8556375,0.8556375,19.7393653,19.7393653,0.043283,0.043283
LIBERO-90,L052,recap,16,prefix_mean_t1_to_tH,0.1347184,0.177458,0.8206801,0.7857228,17.0055836,14.2718019,0.0618554,0.0804277
LIBERO-90,L052,recap,32,prefix_mean_t1_to_tH,0.1732791,0.2178877,0.7931578,0.762413,15.1181807,12.9709922,0.0797794,0.1019917
LIBERO-90,L052,recap,48,prefix_mean_t1_to_tH,0.1962638,0.2465871,0.7783121,0.7484159,14.4299609,13.2211504,0.0872007,0.0996282
LIBERO-90,L052,recap,64,prefix_mean_t1_to_tH,0.2114324,0.2622592,0.7692933,0.7390235,14.0175661,12.4711986,0.0914981,0.1080884
LIBERO-90,L061,full_history,8,prefix_mean_t1_to_tH,0.0724885,0.0724885,0.9154779,0.9154779,27.9235458,27.9235458,0.0201962,0.0201962
LIBERO-90,L061,full_history,16,prefix_mean_t1_to_tH,0.0927732,0.113058,0.89609,0.8767022,26.2358583,24.5481708,0.0243045,0.0284129
LIBERO-90,L061,full_history,32,prefix_mean_t1_to_tH,0.1377293,0.2024314,0.8640542,0.8149264,23.2844172,19.0084906,0.0370282,0.0571427
LIBERO-90,L061,full_history,48,prefix_mean_t1_to_tH,0.1711348,0.2472861,0.838324,0.7808589,21.0872707,16.130339,0.0498446,0.0809696
LIBERO-90,L061,full_history,64,prefix_mean_t1_to_tH,0.1966674,0.2829023,0.8094559,0.6960916,19.5405143,14.5832415,0.0611186,0.0988527
LIBERO-90,L061,recap,8,prefix_mean_t1_to_tH,0.0716054,0.0716054,0.9167659,0.9167659,27.9411802,27.9411802,0.0205731,0.0205731
LIBERO-90,L061,recap,16,prefix_mean_t1_to_tH,0.0822952,0.092985,0.9101708,0.9035758,27.5662798,27.1913793,0.0209429,0.0213128
LIBERO-90,L061,recap,32,prefix_mean_t1_to_tH,0.0975114,0.1193618,0.903116,0.889559,26.6345261,24.4774852,0.0216764,0.0247587
LIBERO-90,L061,recap,48,prefix_mean_t1_to_tH,0.1093392,0.1393151,0.8967404,0.8815548,26.0819194,24.5690682,0.0239433,0.0305103
LIBERO-90,L061,recap,64,prefix_mean_t1_to_tH,0.1239716,0.1854722,0.8772381,0.7814631,24.7078726,19.0992539,0.0300747,0.0564507
LIBERO-90,L062,full_history,8,prefix_mean_t1_to_tH,0.0614369,0.0614369,0.9282171,0.9282171,28.4228537,28.4228537,0.0189992,0.0189992
LIBERO-90,L062,full_history,16,prefix_mean_t1_to_tH,0.0826397,0.1038425,0.9056419,0.8830666,26.4926592,24.5624647,0.0230859,0.0271726
LIBERO-90,L062,full_history,32,prefix_mean_t1_to_tH,0.1303968,0.2010046,0.8662199,0.8115589,23.0716873,18.281322,0.038244,0.0616246
LIBERO-90,L062,full_history,48,prefix_mean_t1_to_tH,0.1657078,0.2422389,0.8387786,0.7800874,20.7044759,15.2776164,0.0523063,0.0862736
LIBERO-90,L062,full_history,64,prefix_mean_t1_to_tH,0.1874129,0.2575171,0.8196531,0.7490402,19.0686149,13.7075441,0.063454,0.1014457
LIBERO-90,L062,recap,8,prefix_mean_t1_to_tH,0.0613954,0.0613954,0.9277721,0.9277721,28.3771536,28.3771536,0.0191725,0.0191725
LIBERO-90,L062,recap,16,prefix_mean_t1_to_tH,0.0801987,0.0990021,0.9135741,0.8993761,27.1888229,26.0004921,0.0203514,0.0215302
LIBERO-90,L062,recap,32,prefix_mean_t1_to_tH,0.1018474,0.1247521,0.8989851,0.8839787,25.805213,24.0486782,0.0223494,0.0251045
LIBERO-90,L062,recap,48,prefix_mean_t1_to_tH,0.1151801,0.1485503,0.8873296,0.8564041,24.9824133,22.5924304,0.0259751,0.0374587
LIBERO-90,L062,recap,64,prefix_mean_t1_to_tH,0.1271728,0.1677438,0.8758715,0.8335397,23.8809006,19.5282972,0.0313384,0.0532956
LIBERO-90,L071,full_history,8,prefix_mean_t1_to_tH,0.0714754,0.0714754,0.9140681,0.9140681,25.186132,25.186132,0.0228451,0.0228451
LIBERO-90,L071,full_history,16,prefix_mean_t1_to_tH,0.0923416,0.1132078,0.8903354,0.8666027,23.0757197,20.9653075,0.0291889,0.0355328
LIBERO-90,L071,full_history,32,prefix_mean_t1_to_tH,0.1370705,0.1940222,0.8544754,0.8169146,21.4038849,19.8136292,0.0402141,0.0512059
LIBERO-90,L071,full_history,48,prefix_mean_t1_to_tH,0.1718021,0.2651717,0.831633,0.771118,20.4159188,18.2073786,0.0465158,0.061427
LIBERO-90,L071,full_history,64,prefix_mean_t1_to_tH,0.2058897,0.3162817,0.8071171,0.7241092,19.4132439,15.7830119,0.0553735,0.0900505
LIBERO-90,L071,recap,8,prefix_mean_t1_to_tH,0.0714754,0.0714754,0.9140681,0.9140681,25.186132,25.186132,0.0228451,0.0228451
LIBERO-90,L071,recap,16,prefix_mean_t1_to_tH,0.0924185,0.1133615,0.8904366,0.8668051,23.0385021,20.8908722,0.0288036,0.034762
LIBERO-90,L071,recap,32,prefix_mean_t1_to_tH,0.1369282,0.1927744,0.8554144,0.8181271,20.7746544,18.2987893,0.0404277,0.0540746
LIBERO-90,L071,recap,48,prefix_mean_t1_to_tH,0.170885,0.2606086,0.8328703,0.7730247,19.5404741,16.8574524,0.0482951,0.0671899
LIBERO-90,L071,recap,64,prefix_mean_t1_to_tH,0.2057381,0.3194621,0.8075262,0.7192372,18.5195964,14.9895909,0.0575343,0.0923505
LIBERO-90,L072,full_history,8,prefix_mean_t1_to_tH,0.085878,0.085878,0.9056257,0.9056257,26.6409874,26.6409874,0.022306,0.022306
LIBERO-90,L072,full_history,16,prefix_mean_t1_to_tH,0.1084734,0.1310688,0.8894971,0.8733685,24.7562584,22.8715293,0.026946,0.031586
LIBERO-90,L072,full_history,32,prefix_mean_t1_to_tH,0.1515409,0.2112646,0.8645722,0.8274303,22.9228204,20.7342625,0.0353257,0.04663
LIBERO-90,L072,full_history,48,prefix_mean_t1_to_tH,0.1858452,0.2676791,0.842278,0.7857438,21.4841294,18.0218067,0.0435059,0.0657488
LIBERO-90,L072,full_history,64,prefix_mean_t1_to_tH,0.2160528,0.3122248,0.8165783,0.7346101,19.8259084,13.9307088,0.0549486,0.0952776
LIBERO-90,L072,recap,8,prefix_mean_t1_to_tH,0.0858047,0.0858047,0.9055054,0.9055054,26.6398787,26.6398787,0.0223129,0.0223129
LIBERO-90,L072,recap,16,prefix_mean_t1_to_tH,0.1071229,0.1284411,0.892569,0.8796326,25.2249664,23.8100541,0.025795,0.0292772
LIBERO-90,L072,recap,32,prefix_mean_t1_to_tH,0.138848,0.1779253,0.8768606,0.8596641,23.4871303,21.0811656,0.0313539,0.0379252
LIBERO-90,L072,recap,48,prefix_mean_t1_to_tH,0.1680282,0.2463833,0.8616418,0.8155147,22.0880063,18.7611208,0.0367838,0.0518988
LIBERO-90,L072,recap,64,prefix_mean_t1_to_tH,0.1982187,0.2944595,0.8376187,0.761126,20.3354843,14.1047444,0.0470651,0.0833053
LIBERO-90,L081,full_history,8,prefix_mean_t1_to_tH,0.0746015,0.0746015,0.9143443,0.9143443,25.7830036,25.7830036,0.0205397,0.0205397
LIBERO-90,L081,full_history,16,prefix_mean_t1_to_tH,0.1275939,0.1805864,0.8558749,0.7974056,21.789319,17.7956345,0.0387182,0.0568967
LIBERO-90,L081,full_history,32,prefix_mean_t1_to_tH,0.1896218,0.2498071,0.8041141,0.7590341,18.7171241,15.6522785,0.0614464,0.0836075
LIBERO-90,L081,full_history,48,prefix_mean_t1_to_tH,0.209133,0.2508325,0.7884357,0.7560462,17.706293,15.6769111,0.0693439,0.085135
LIBERO-90,L081,full_history,64,prefix_mean_t1_to_tH,0.2285373,0.2949711,0.7731915,0.7161966,16.9854042,14.2960085,0.0760446,0.1023745
LIBERO-90,L081,recap,8,prefix_mean_t1_to_tH,0.0749631,0.0749631,0.9146463,0.9146463,26.0320971,26.0320971,0.020428,0.020428
LIBERO-90,L081,recap,16,prefix_mean_t1_to_tH,0.1184461,0.161929,0.8634899,0.8123335,22.095207,18.1583169,0.0359794,0.0515308
LIBERO-90,L081,recap,32,prefix_mean_t1_to_tH,0.1574675,0.1888419,0.8227776,0.7946813,19.6388004,17.8740203,0.0484918,0.0550277
LIBERO-90,L081,recap,48,prefix_mean_t1_to_tH,0.1668604,0.190944,0.8143936,0.7925559,19.0669048,17.7373264,0.0504377,0.0560296
LIBERO-90,L081,recap,64,prefix_mean_t1_to_tH,0.1876658,0.2629276,0.79819,0.732414,18.1495754,14.6454237,0.0574872,0.0872758
LIBERO-90,L082,full_history,8,prefix_mean_t1_to_tH,0.052954,0.052954,0.9474907,0.9474907,29.0601871,29.0601871,0.0146556,0.0146556
LIBERO-90,L082,full_history,16,prefix_mean_t1_to_tH,0.07835,0.103746,0.9157679,0.884045,25.6700977,22.2800083,0.0229343,0.0312129
LIBERO-90,L082,full_history,32,prefix_mean_t1_to_tH,0.1195955,0.1657049,0.8813576,0.8483149,22.3142205,18.7894058,0.0365437,0.0513063
LIBERO-90,L082,full_history,48,prefix_mean_t1_to_tH,0.1399854,0.1945512,0.8645596,0.816154,20.8808725,17.1456878,0.0433367,0.0632207
LIBERO-90,L082,full_history,64,prefix_mean_t1_to_tH,0.1690278,0.2724493,0.836299,0.7403264,19.2173785,13.9478687,0.0575543,0.1058015
LIBERO-90,L082,recap,8,prefix_mean_t1_to_tH,0.0522869,0.0522869,0.949532,0.949532,29.4521804,29.4521804,0.0143141,0.0143141
LIBERO-90,L082,recap,16,prefix_mean_t1_to_tH,0.064091,0.0758951,0.935822,0.9221119,27.913976,26.3757715,0.017711,0.0211079
LIBERO-90,L082,recap,32,prefix_mean_t1_to_tH,0.082666,0.1029262,0.9120638,0.8870692,25.7830397,23.7238047,0.0221998,0.0264109
LIBERO-90,L082,recap,48,prefix_mean_t1_to_tH,0.0948249,0.135064,0.8970539,0.8488337,24.7499785,21.313324,0.024809,0.034789
LIBERO-90,L082,recap,64,prefix_mean_t1_to_tH,0.1251523,0.2331494,0.8636012,0.7442182,22.5060372,15.2263621,0.037132,0.0810304
LIBERO-90,L091,full_history,8,prefix_mean_t1_to_tH,0.0650107,0.0650107,0.9225954,0.9225954,27.3739336,27.3739336,0.0176205,0.0176205
LIBERO-90,L091,full_history,16,prefix_mean_t1_to_tH,0.0829374,0.1008641,0.8987716,0.8749479,25.4788703,23.583807,0.0229454,0.0282703
LIBERO-90,L091,full_history,32,prefix_mean_t1_to_tH,0.1084527,0.1306018,0.869866,0.8420776,22.881645,20.1800027,0.0362434,0.0512144
LIBERO-90,L091,full_history,48,prefix_mean_t1_to_tH,0.1137573,0.146557,0.8660113,0.8476171,22.4931544,20.3510151,0.0379431,0.044153
LIBERO-90,L091,full_history,64,prefix_mean_t1_to_tH,0.1233528,0.1512462,0.8618746,0.8498679,21.8549651,19.8579113,0.0398665,0.0470481
LIBERO-90,L091,recap,8,prefix_mean_t1_to_tH,0.0651707,0.0651707,0.9224343,0.9224343,27.3527639,27.3527639,0.0176692,0.0176692
LIBERO-90,L091,recap,16,prefix_mean_t1_to_tH,0.0802515,0.0953323,0.903558,0.8846817,26.0819579,24.811152,0.0207274,0.0237856
LIBERO-90,L091,recap,32,prefix_mean_t1_to_tH,0.0897749,0.0942228,0.8881377,0.8746223,24.8548694,23.8334007,0.0236822,0.0255767
LIBERO-90,L091,recap,48,prefix_mean_t1_to_tH,0.0911795,0.1050537,0.8921132,0.895667,25.3474006,26.3322978,0.0223399,0.0197364
LIBERO-90,L091,recap,64,prefix_mean_t1_to_tH,0.0993142,0.1278527,0.8922737,0.8916181,25.3979554,24.9985626,0.0218913,0.0214199
LIBERO-90,L092,full_history,8,prefix_mean_t1_to_tH,0.0605712,0.0605712,0.924166,0.924166,27.6878157,27.6878157,0.0169823,0.0169823
LIBERO-90,L092,full_history,16,prefix_mean_t1_to_tH,0.0808626,0.1011539,0.8973678,0.8705697,25.8301446,23.9724736,0.0218763,0.0267702
LIBERO-90,L092,full_history,32,prefix_mean_t1_to_tH,0.113476,0.1479292,0.8684452,0.8399409,23.1569048,20.0354779,0.0337659,0.0479968
LIBERO-90,L092,full_history,48,prefix_mean_t1_to_tH,0.1257577,0.1541887,0.8576834,0.8311252,22.1068234,19.9740241,0.0379977,0.0459695
LIBERO-90,L092,full_history,64,prefix_mean_t1_to_tH,0.1353423,0.1649523,0.8537763,0.8438128,21.7237303,20.2079446,0.0386129,0.0414771
LIBERO-90,L092,recap,8,prefix_mean_t1_to_tH,0.0603486,0.0603486,0.925108,0.925108,27.8682656,27.8682656,0.0166984,0.0166984
LIBERO-90,L092,recap,16,prefix_mean_t1_to_tH,0.0796031,0.0988576,0.9009431,0.8767781,26.0876136,24.3069615,0.0204824,0.0242665
LIBERO-90,L092,recap,32,prefix_mean_t1_to_tH,0.1026204,0.127642,0.8785414,0.8552748,23.7197536,20.9064159,0.0264851,0.0337956
LIBERO-90,L092,recap,48,prefix_mean_t1_to_tH,0.1118809,0.1351246,0.8694055,0.8483201,22.9317323,21.3794551,0.0286844,0.0335446
LIBERO-90,L092,recap,64,prefix_mean_t1_to_tH,0.119103,0.1364752,0.8698764,0.8787591,23.2582985,24.9295552,0.0275505,0.0217095
