dataset,method,horizon,case_count,lpips_mean,lpips_std,lpips_ci95_low,lpips_ci95_high,ssim_mean,ssim_std,ssim_ci95_low,ssim_ci95_high,psnr_db_mean,psnr_db_std,psnr_db_ci95_low,psnr_db_ci95_high,mae_mean,mae_std,mae_ci95_low,mae_ci95_high
LIBERO-90,full_history,8,18,0.0754579,0.0172598,0.0682561,0.0833794,0.9035449,0.0242511,0.8923366,0.914384,24.2839661,3.2408389,22.7698839,25.7083911,0.0258264,0.0088056,0.0221421,0.0299396
LIBERO-90,full_history,16,18,0.0996211,0.023062,0.0897421,0.1105817,0.8790263,0.0259022,0.8675317,0.8898881,22.1365547,3.2020172,20.655995,23.4676042,0.0345793,0.0123404,0.029353,0.0400871
LIBERO-90,full_history,32,18,0.145968,0.0255673,0.1351097,0.1577101,0.8357668,0.0302764,0.8224377,0.8494364,19.5829265,2.8547955,18.2548961,20.8607173,0.0562239,0.0181068,0.0483204,0.0641307
LIBERO-90,full_history,48,18,0.1719988,0.0277869,0.1590716,0.1843605,0.8153157,0.0313502,0.8013536,0.8295802,18.4222012,2.597693,17.2621082,19.6291526,0.0663376,0.0198584,0.0576545,0.0750144
LIBERO-90,full_history,64,18,0.192282,0.0294571,0.1780408,0.204421,0.7981468,0.0306537,0.7850826,0.812052,17.570807,2.323588,16.5450283,18.6164545,0.073529,0.0191196,0.065123,0.08166
LIBERO-90,recap,8,18,0.0747616,0.0175743,0.0675435,0.0830831,0.9045119,0.0246838,0.8930073,0.9154983,24.4595165,3.261338,23.0194088,25.931974,0.0254232,0.0087779,0.0217394,0.0295467
LIBERO-90,recap,16,18,0.0954603,0.0245292,0.0853854,0.107066,0.8844403,0.0291458,0.8712927,0.8974045,22.6113915,3.5605741,21.0160779,24.1961622,0.0324055,0.0129307,0.0269309,0.0386598
LIBERO-90,recap,32,18,0.1259452,0.0304619,0.1128386,0.139858,0.8586657,0.0346072,0.8427323,0.873474,20.5615482,3.7470727,18.8917316,22.236264,0.042844,0.0182523,0.0350051,0.0512975
LIBERO-90,recap,48,18,0.1475027,0.03556,0.1319291,0.163426,0.8414438,0.0379435,0.824043,0.8579699,19.5487009,3.9093213,17.8829069,21.368197,0.0499273,0.0207382,0.0410122,0.0593791
LIBERO-90,recap,64,18,0.16648,0.0388062,0.1491633,0.1839849,0.8260595,0.0381556,0.8090602,0.8430668,18.7003062,3.7635021,17.1027265,20.3931649,0.0564164,0.0212637,0.0467356,0.066084
